run_id,sample_number,temperature,pressure,vibration,health,state
0,0,19.56,100.18,-0.4,1.0,normal
0,1,20.57,99.8,-0.53,1.0,normal
0,2,20.14,100.19,1.28,0.9999,normal
0,3,20.71,99.97,1.36,0.9998,normal
0,4,20.2,100.01,-0.18,0.9997,normal
0,5,20.82,100.27,-0.06,0.9995,normal
0,6,19.91,100.01,0.72,0.9993,normal
0,7,20.72,99.8,0.27,0.999,normal
0,8,19.9,100.62,-0.17,0.9987,normal
0,9,19.68,99.84,0.18,0.9983,normal
0,10,19.81,100.44,1.81,0.998,normal
0,11,20.2,99.46,0.14,0.9975,normal
0,12,19.21,99.85,0.01,0.9971,normal
0,13,20.45,100.01,-0.0,0.9965,normal
0,14,19.79,99.94,0.28,0.996,normal
0,15,19.69,100.74,0.04,0.9954,normal
0,16,19.97,99.45,0.89,0.9948,normal
0,17,21.08,99.81,0.12,0.9941,normal
0,18,20.24,99.96,1.45,0.9934,normal
0,19,20.53,99.66,0.5,0.9926,normal
0,20,20.74,100.32,-0.33,0.9918,normal
0,21,19.5,100.34,0.5,0.991,normal
0,22,20.06,99.98,0.7,0.9901,normal
0,23,20.18,100.31,0.73,0.9892,normal
0,24,19.76,99.46,0.1,0.9882,normal
0,25,20.35,99.91,0.95,0.9872,normal
0,26,19.82,99.6,1.28,0.9862,normal
0,27,20.11,99.93,0.91,0.9851,normal
0,28,19.81,99.43,1.22,0.984,normal
0,29,19.91,100.03,0.06,0.9828,normal
0,30,20.4,100.01,1.05,0.9816,normal
0,31,20.36,100.1,1.42,0.9803,normal
0,32,19.81,99.15,1.14,0.979,normal
0,33,20.79,100.03,0.07,0.9777,normal
0,34,19.86,99.64,-0.07,0.9763,normal
0,35,20.26,99.71,0.3,0.9749,normal
0,36,21.02,99.6,0.03,0.9735,normal
0,37,20.08,99.48,0.62,0.972,normal
0,38,20.26,99.63,0.97,0.9704,normal
0,39,19.51,99.61,1.24,0.9689,normal
0,40,19.95,100.06,0.33,0.9673,normal
0,41,20.89,100.08,0.55,0.9656,normal
0,42,19.86,100.38,0.79,0.9639,normal
0,43,20.31,100.12,0.62,0.9622,normal
0,44,20.57,100.07,0.8,0.9604,normal
0,45,19.73,99.79,-0.0,0.9586,normal
0,46,20.05,99.81,0.6,0.9567,normal
0,47,20.63,99.97,1.51,0.9548,normal
0,48,20.86,99.81,0.91,0.9528,normal
0,49,20.89,99.23,1.03,0.9509,normal
0,50,20.32,99.99,0.24,0.9488,normal
0,51,21.41,99.79,1.15,0.9468,normal
0,52,20.43,100.04,1.36,0.9447,normal
0,53,21.37,99.44,0.73,0.9425,normal
0,54,21.1,99.9,0.76,0.9403,normal
0,55,20.62,99.91,0.9,0.9381,normal
0,56,21.1,99.99,0.22,0.9358,normal
0,57,21.1,99.79,0.68,0.9335,normal
0,58,20.57,99.84,0.1,0.9311,normal
0,59,20.62,99.68,1.27,0.9287,normal
0,60,19.96,99.07,1.71,0.9263,normal
0,61,20.58,99.59,1.31,0.9238,normal
0,62,20.83,99.3,1.35,0.9213,normal
0,63,20.25,99.97,0.03,0.9188,normal
0,64,20.71,99.68,1.54,0.9162,normal
0,65,20.47,99.22,0.96,0.9135,normal
0,66,21.25,99.43,2.06,0.9108,normal
0,67,20.59,99.46,1.85,0.9081,normal
0,68,21.23,99.29,1.85,0.9054,normal
0,69,20.93,99.83,0.87,0.9025,normal
0,70,21.2,99.61,0.57,0.8997,normal
0,71,20.51,99.34,1.81,0.8968,normal
0,72,20.56,99.52,2.49,0.8939,normal
0,73,20.29,99.28,1.46,0.8909,normal
0,74,21.18,99.45,0.9,0.8879,normal
0,75,21.22,99.79,1.21,0.8849,normal
0,76,20.72,99.8,1.25,0.8818,normal
0,77,21.04,99.57,2.11,0.8786,normal
0,78,20.47,99.35,1.5,0.8755,normal
0,79,21.06,99.46,1.85,0.8723,normal
0,80,20.85,98.94,2.19,0.869,normal
0,81,20.68,99.54,1.89,0.8657,normal
0,82,21.35,99.44,1.5,0.8624,normal
0,83,21.14,98.66,0.44,0.859,normal
0,84,21.08,99.15,1.32,0.8556,normal
0,85,20.9,99.09,0.91,0.8521,normal
0,86,21.58,99.17,2.1,0.8486,normal
0,87,22.13,98.7,1.78,0.8451,normal
0,88,21.51,99.42,2.02,0.8415,normal
0,89,21.26,98.32,1.85,0.8379,normal
0,90,21.44,99.34,2.67,0.8342,normal
0,91,21.77,98.37,2.33,0.8305,normal
0,92,21.57,99.02,2.61,0.8268,normal
0,93,21.93,99.62,2.62,0.823,normal
0,94,22.04,98.59,2.21,0.8191,normal
0,95,22.68,99.36,2.68,0.8153,normal
0,96,22.05,98.23,1.79,0.8114,normal
0,97,21.31,98.6,1.57,0.8074,normal
0,98,21.27,98.73,2.18,0.8034,normal
0,99,22.63,98.44,1.95,0.7994,normal
0,100,21.83,98.65,2.56,0.7953,normal
0,101,21.5,98.88,1.68,0.7912,normal
0,102,22.24,98.89,1.92,0.787,normal
0,103,22.09,98.57,2.12,0.7828,normal
0,104,22.22,98.76,2.27,0.7786,normal
0,105,22.31,98.39,1.91,0.7743,normal
0,106,22.61,98.12,1.76,0.77,normal
0,107,22.67,99.19,2.15,0.7657,normal
0,108,22.11,98.96,2.99,0.7613,normal
0,109,22.84,98.24,2.32,0.7568,normal
0,110,22.32,98.44,2.06,0.7523,normal
0,111,22.43,98.39,3.22,0.7478,normal
0,112,22.07,98.63,3.74,0.7432,normal
0,113,23.3,98.51,2.92,0.7386,normal
0,114,22.72,98.81,2.65,0.734,normal
0,115,22.86,98.61,2.48,0.7293,normal
0,116,22.68,98.13,2.67,0.7246,normal
0,117,23.23,98.25,2.82,0.7198,normal
0,118,22.78,98.42,2.31,0.715,normal
0,119,22.54,97.72,2.51,0.7101,normal
0,120,22.99,98.14,1.6,0.7053,normal
0,121,23.55,98.0,2.06,0.7003,normal
0,122,22.99,97.87,3.19,0.6953,degraded
0,123,22.86,98.38,2.41,0.6903,degraded
0,124,22.8,98.23,3.29,0.6853,degraded
0,125,23.43,98.48,3.08,0.6802,degraded
0,126,23.14,97.93,2.16,0.675,degraded
0,127,23.82,98.35,2.92,0.6699,degraded
0,128,22.68,97.76,3.02,0.6646,degraded
0,129,23.79,97.87,3.19,0.6594,degraded
0,130,23.21,98.59,3.77,0.6541,degraded
0,131,23.9,97.59,2.83,0.6487,degraded
0,132,23.44,97.99,3.6,0.6434,degraded
0,133,24.05,97.48,2.39,0.6379,degraded
0,134,23.65,97.95,3.48,0.6325,degraded
0,135,24.23,97.88,3.31,0.627,degraded
0,136,24.28,97.68,4.03,0.6214,degraded
0,137,23.51,97.3,3.94,0.6158,degraded
0,138,24.29,96.98,3.97,0.6102,degraded
0,139,24.36,97.34,4.37,0.6045,degraded
0,140,23.27,97.41,3.66,0.5988,degraded
0,141,23.56,97.68,4.61,0.5931,degraded
0,142,23.75,97.76,4.27,0.5873,degraded
0,143,23.84,97.36,4.82,0.5814,degraded
0,144,23.9,97.56,3.36,0.5756,degraded
0,145,24.51,97.47,3.9,0.5697,degraded
0,146,24.08,97.34,3.71,0.5637,degraded
0,147,24.2,97.31,3.87,0.5577,degraded
0,148,24.56,96.97,3.92,0.5517,degraded
0,149,24.51,97.29,4.19,0.5456,degraded
0,150,24.71,97.69,4.83,0.5395,degraded
0,151,24.71,97.59,4.26,0.5333,degraded
0,152,24.67,96.74,3.97,0.5271,degraded
0,153,24.64,97.26,4.16,0.5209,degraded
0,154,24.49,97.74,4.76,0.5146,degraded
0,155,25.14,96.99,4.49,0.5082,degraded
0,156,24.51,97.25,4.72,0.5019,degraded
0,157,25.38,96.74,4.96,0.4955,degraded
0,158,25.15,97.1,4.98,0.489,degraded
0,159,25.51,96.57,4.62,0.4825,degraded
0,160,25.28,96.05,4.59,0.476,degraded
0,161,25.67,96.87,5.89,0.4694,degraded
0,162,25.43,97.23,3.98,0.4628,degraded
0,163,25.72,96.96,4.62,0.4562,degraded
0,164,25.36,96.86,5.06,0.4495,degraded
0,165,25.68,96.42,3.97,0.4427,degraded
0,166,25.08,97.31,5.1,0.436,degraded
0,167,25.71,96.67,6.17,0.4292,degraded
0,168,25.05,96.46,5.64,0.4223,degraded
0,169,25.51,96.45,5.35,0.4154,degraded
0,170,25.82,96.12,4.75,0.4085,degraded
0,171,26.59,96.7,5.43,0.4015,degraded
0,172,26.14,96.27,5.87,0.3945,failure
0,173,25.84,96.6,5.12,0.3874,failure
0,174,25.84,96.81,5.31,0.3803,failure
0,175,26.29,96.55,5.62,0.3732,failure
0,176,26.13,96.4,5.84,0.366,failure
0,177,26.34,96.06,5.31,0.3587,failure
0,178,26.01,96.69,6.83,0.3515,failure
0,179,26.94,96.14,6.33,0.3442,failure
0,180,27.61,96.19,6.44,0.3368,failure
0,181,26.74,96.52,6.0,0.3294,failure
0,182,27.42,95.46,6.02,0.322,failure
0,183,27.02,95.66,5.37,0.3145,failure
0,184,26.99,95.74,5.78,0.307,failure
0,185,26.76,95.67,5.66,0.2995,failure
0,186,26.76,96.04,6.36,0.2919,failure
0,187,27.32,96.08,5.68,0.2842,failure
0,188,27.08,95.85,6.65,0.2766,failure
0,189,26.97,95.61,6.54,0.2688,failure
0,190,27.33,95.26,6.97,0.2611,failure
0,191,26.81,95.73,6.1,0.2533,failure
0,192,27.22,95.58,5.97,0.2454,failure
0,193,27.25,95.37,6.54,0.2376,failure
0,194,27.88,95.26,6.75,0.2296,failure
0,195,27.66,95.31,5.87,0.2217,failure
0,196,27.49,94.99,6.59,0.2137,failure
0,197,27.81,95.21,6.29,0.2056,failure
0,198,27.71,94.94,7.43,0.1976,failure
0,199,27.7,95.04,6.87,0.1894,failure
1,0,20.92,99.65,0.01,1.0,normal
1,1,19.31,100.36,0.21,1.0,normal
1,2,19.8,99.9,1.15,0.9999,normal
1,3,20.12,100.26,1.21,0.9998,normal
1,4,19.07,99.94,0.36,0.9997,normal
1,5,19.91,99.65,0.38,0.9995,normal
1,6,20.14,99.74,0.57,0.9993,normal
1,7,20.26,99.67,1.59,0.9991,normal
1,8,19.47,99.92,-0.06,0.9988,normal
1,9,20.29,100.35,1.54,0.9985,normal
1,10,19.37,99.56,1.08,0.9982,normal
1,11,19.94,100.25,0.09,0.9978,normal
1,12,20.93,99.6,0.97,0.9974,normal
1,13,20.23,99.47,0.32,0.9969,normal
1,14,20.32,100.58,0.13,0.9964,normal
1,15,19.98,99.88,0.24,0.9959,normal
1,16,19.71,99.88,-0.63,0.9953,normal
1,17,20.43,100.42,0.7,0.9947,normal
1,18,20.47,100.06,0.14,0.9941,normal
1,19,20.29,99.8,1.35,0.9934,normal
1,20,19.72,100.4,0.74,0.9927,normal
1,21,20.86,99.97,0.75,0.9919,normal
1,22,20.04,99.72,0.89,0.9911,normal
1,23,20.27,100.29,0.9,0.9903,normal
1,24,20.35,99.79,0.21,0.9895,normal
1,25,19.75,99.76,1.72,0.9886,normal
1,26,20.0,99.83,0.89,0.9876,normal
1,27,19.86,99.99,0.51,0.9867,normal
1,28,20.12,100.18,0.66,0.9857,normal
1,29,20.22,100.38,-0.51,0.9846,normal
1,30,19.54,100.28,0.31,0.9835,normal
1,31,20.12,99.84,0.87,0.9824,normal
1,32,20.0,99.59,0.76,0.9813,normal
1,33,21.02,100.36,1.02,0.9801,normal
1,34,19.85,99.69,1.38,0.9788,normal
1,35,20.38,100.18,0.37,0.9776,normal
1,36,20.54,99.66,1.11,0.9763,normal
1,37,19.74,99.77,0.89,0.9749,normal
1,38,20.03,99.76,1.52,0.9736,normal
1,39,20.66,100.28,1.99,0.9722,normal
1,40,20.3,99.95,0.58,0.9707,normal
1,41,20.28,99.67,0.64,0.9692,normal
1,42,20.8,99.71,0.98,0.9677,normal
1,43,19.72,99.26,1.24,0.9662,normal
1,44,20.21,99.38,0.12,0.9646,normal
1,45,20.57,100.02,1.26,0.9629,normal
1,46,20.58,99.87,0.62,0.9613,normal
1,47,20.45,99.87,1.26,0.9596,normal
1,48,20.59,99.96,0.5,0.9578,normal
1,49,20.98,100.02,-0.27,0.9561,normal
1,50,20.72,99.8,0.24,0.9542,normal
1,51,20.36,99.57,2.34,0.9524,normal
1,52,19.72,99.62,0.64,0.9505,normal
1,53,20.23,99.76,0.27,0.9486,normal
1,54,20.06,100.18,0.51,0.9466,normal
1,55,20.95,99.4,0.98,0.9446,normal
1,56,20.96,98.91,0.99,0.9426,normal
1,57,20.57,99.4,0.75,0.9405,normal
1,58,19.44,99.83,-0.47,0.9384,normal
1,59,20.79,100.26,1.44,0.9363,normal
1,60,20.41,99.82,0.35,0.9341,normal
1,61,20.36,99.83,0.13,0.9319,normal
1,62,20.37,99.36,0.78,0.9296,normal
1,63,20.21,99.64,1.52,0.9274,normal
1,64,20.89,99.12,0.9,0.925,normal
1,65,21.43,99.46,1.22,0.9227,normal
1,66,20.92,99.59,1.3,0.9203,normal
1,67,20.78,99.11,0.38,0.9178,normal
1,68,21.32,99.95,1.64,0.9154,normal
1,69,20.97,99.25,1.94,0.9129,normal
1,70,21.37,99.23,0.39,0.9103,normal
1,71,21.26,99.22,1.27,0.9077,normal
1,72,20.77,99.42,1.94,0.9051,normal
1,73,21.25,99.18,1.07,0.9025,normal
1,74,21.67,99.56,1.21,0.8998,normal
1,75,21.13,99.88,0.67,0.897,normal
1,76,21.19,99.65,1.19,0.8943,normal
1,77,21.31,99.56,1.25,0.8915,normal
1,78,21.83,99.81,1.12,0.8886,normal
1,79,21.33,100.02,2.11,0.8858,normal
1,80,21.24,99.3,1.82,0.8829,normal
1,81,21.15,99.56,1.79,0.8799,normal
1,82,20.69,99.16,1.28,0.8769,normal
1,83,21.15,99.01,1.46,0.8739,normal
1,84,20.87,99.55,1.27,0.8709,normal
1,85,20.59,98.91,2.22,0.8678,normal
1,86,21.8,99.29,1.45,0.8646,normal
1,87,21.51,98.92,1.78,0.8615,normal
1,88,21.75,99.29,2.54,0.8583,normal
1,89,21.23,99.17,1.45,0.855,normal
1,90,21.18,98.85,1.36,0.8517,normal
1,91,21.24,99.0,1.75,0.8484,normal
1,92,22.35,99.13,1.19,0.8451,normal
1,93,21.94,99.49,1.71,0.8417,normal
1,94,21.87,98.88,1.6,0.8383,normal
1,95,22.18,98.52,0.84,0.8348,normal
1,96,21.22,98.65,1.34,0.8313,normal
1,97,22.2,99.04,1.91,0.8278,normal
1,98,22.21,98.65,1.6,0.8242,normal
1,99,21.39,99.07,2.29,0.8206,normal
1,100,21.93,98.37,2.31,0.817,normal
1,101,22.05,98.71,2.86,0.8133,normal
1,102,21.38,99.03,2.03,0.8096,normal
1,103,21.77,98.75,2.46,0.8058,normal
1,104,21.81,98.92,2.31,0.802,normal
1,105,22.63,98.66,2.21,0.7982,normal
1,106,21.57,98.77,2.26,0.7943,normal
1,107,22.02,98.9,2.13,0.7904,normal
1,108,21.75,99.11,1.62,0.7865,normal
1,109,22.48,98.66,2.93,0.7825,normal
1,110,22.13,98.42,2.32,0.7785,normal
1,111,22.54,98.74,2.07,0.7745,normal
1,112,22.19,98.68,2.45,0.7704,normal
1,113,22.66,98.43,1.71,0.7663,normal
1,114,22.24,98.66,1.72,0.7621,normal
1,115,22.53,98.18,1.7,0.7579,normal
1,116,23.19,98.36,3.12,0.7537,normal
1,117,22.37,98.7,2.76,0.7494,normal
1,118,22.53,98.57,3.03,0.7451,normal
1,119,22.67,98.57,2.16,0.7408,normal
1,120,23.5,98.93,1.96,0.7364,normal
1,121,22.19,98.68,2.75,0.732,normal
1,122,22.45,98.25,1.54,0.7276,normal
1,123,22.81,98.06,2.67,0.7231,normal
1,124,22.9,98.77,3.52,0.7186,normal
1,125,22.61,98.49,3.07,0.714,normal
1,126,22.54,97.78,2.81,0.7094,normal
1,127,23.52,98.69,3.28,0.7048,normal
1,128,23.23,97.9,1.85,0.7001,normal
1,129,23.05,98.39,3.32,0.6954,degraded
1,130,22.49,97.92,2.61,0.6907,degraded
1,131,23.24,98.03,4.01,0.6859,degraded
1,132,23.82,98.0,2.56,0.6811,degraded
1,133,22.84,97.87,2.42,0.6762,degraded
1,134,23.72,98.18,2.86,0.6713,degraded
1,135,22.81,98.18,2.61,0.6664,degraded
1,136,23.14,98.16,3.6,0.6615,degraded
1,137,23.4,98.32,3.78,0.6565,degraded
1,138,23.21,98.43,3.13,0.6514,degraded
1,139,23.25,97.79,2.97,0.6464,degraded
1,140,23.52,98.09,2.46,0.6413,degraded
1,141,23.65,98.13,3.25,0.6361,degraded
1,142,23.85,97.39,3.2,0.6309,degraded
1,143,23.66,97.65,3.54,0.6257,degraded
1,144,24.63,97.91,2.97,0.6205,degraded
1,145,23.84,98.54,3.93,0.6152,degraded
1,146,23.42,97.77,3.43,0.6098,degraded
1,147,24.35,97.25,3.55,0.6045,degraded
1,148,24.34,97.91,3.27,0.5991,degraded
1,149,24.3,97.32,3.85,0.5936,degraded
1,150,23.98,97.47,4.33,0.5882,degraded
1,151,24.07,97.1,4.23,0.5827,degraded
1,152,24.52,97.16,3.45,0.5771,degraded
1,153,23.93,97.71,4.23,0.5715,degraded
1,154,23.76,97.16,3.56,0.5659,degraded
1,155,24.84,97.33,3.82,0.5603,degraded
1,156,24.29,97.58,3.64,0.5546,degraded
1,157,23.98,97.8,3.98,0.5488,degraded
1,158,24.25,96.59,3.53,0.5431,degraded
1,159,24.66,96.48,5.95,0.5373,degraded
1,160,24.34,97.29,4.02,0.5314,degraded
1,161,24.64,97.23,5.12,0.5256,degraded
1,162,25.16,97.32,5.32,0.5196,degraded
1,163,24.87,97.56,3.4,0.5137,degraded
1,164,24.5,96.93,4.46,0.5077,degraded
1,165,24.98,97.05,4.03,0.5017,degraded
1,166,25.06,97.02,5.05,0.4956,degraded
1,167,24.25,96.55,4.39,0.4895,degraded
1,168,25.01,97.03,4.09,0.4834,degraded
1,169,25.22,96.77,4.92,0.4772,degraded
1,170,24.89,97.26,4.62,0.471,degraded
1,171,25.1,96.64,4.94,0.4648,degraded
1,172,25.49,97.34,4.76,0.4585,degraded
1,173,25.09,96.31,4.65,0.4522,degraded
1,174,25.95,96.55,4.41,0.4458,degraded
1,175,26.02,96.56,4.51,0.4395,degraded
1,176,25.72,96.33,4.63,0.433,degraded
1,177,25.89,96.14,5.74,0.4266,degraded
1,178,25.52,96.83,4.65,0.4201,degraded
1,179,26.15,96.59,5.14,0.4135,degraded
1,180,26.46,96.63,6.23,0.407,degraded
1,181,26.09,96.38,5.96,0.4004,degraded
1,182,26.75,96.52,5.03,0.3937,failure
1,183,26.65,96.23,3.99,0.387,failure
1,184,25.99,96.18,5.39,0.3803,failure
1,185,26.4,95.79,4.82,0.3736,failure
1,186,26.4,96.34,5.66,0.3668,failure
1,187,26.23,96.15,5.65,0.3599,failure
1,188,26.94,96.36,4.99,0.3531,failure
1,189,25.69,95.94,5.52,0.3462,failure
1,190,26.58,95.85,6.64,0.3392,failure
1,191,27.16,95.81,5.77,0.3323,failure
1,192,26.83,95.88,5.98,0.3253,failure
1,193,27.21,95.91,5.72,0.3182,failure
1,194,26.56,95.89,6.33,0.3111,failure
1,195,27.18,96.45,6.38,0.304,failure
1,196,26.78,94.96,6.75,0.2969,failure
1,197,27.14,95.69,6.59,0.2897,failure
1,198,26.81,95.95,6.86,0.2824,failure
1,199,26.68,95.59,6.55,0.2752,failure
2,0,20.06,100.33,0.28,1.0,normal
2,1,19.54,99.29,-0.66,1.0,normal
2,2,20.32,99.96,-0.14,0.9999,normal
2,3,19.9,99.34,0.46,0.9998,normal
2,4,20.02,100.02,0.35,0.9996,normal
2,5,20.17,100.14,0.1,0.9994,normal
2,6,19.85,99.91,-0.07,0.9991,normal
2,7,19.73,100.32,-0.87,0.9988,normal
2,8,19.81,99.82,0.89,0.9985,normal
2,9,20.23,100.0,0.23,0.9981,normal
2,10,20.21,100.3,0.25,0.9976,normal
2,11,19.54,99.68,1.84,0.9971,normal
2,12,20.29,100.54,0.69,0.9966,normal
2,13,20.01,99.89,1.01,0.996,normal
2,14,19.63,99.76,0.57,0.9953,normal
2,15,19.63,99.74,-0.02,0.9947,normal
2,16,20.56,99.94,-0.12,0.9939,normal
2,17,20.03,100.54,0.59,0.9931,normal
2,18,19.54,99.52,0.96,0.9923,normal
2,19,20.07,100.26,0.42,0.9914,normal
2,20,19.97,100.37,1.4,0.9905,normal
2,21,20.85,100.05,1.08,0.9895,normal
2,22,20.26,99.97,0.17,0.9885,normal
2,23,20.76,99.54,0.19,0.9874,normal
2,24,19.96,99.35,0.48,0.9863,normal
2,25,20.78,100.19,-0.16,0.9852,normal
2,26,20.41,100.16,0.58,0.9839,normal
2,27,20.32,99.75,0.86,0.9827,normal
2,28,21.02,100.02,0.09,0.9814,normal
2,29,20.79,99.86,0.72,0.98,normal
2,30,20.22,99.62,1.07,0.9786,normal
2,31,19.89,99.65,0.22,0.9772,normal
2,32,20.09,99.96,0.75,0.9757,normal
2,33,20.73,99.89,0.21,0.9741,normal
2,34,19.78,100.09,0.29,0.9726,normal
2,35,20.72,99.8,0.67,0.9709,normal
2,36,20.11,100.13,0.52,0.9692,normal
2,37,20.09,100.28,0.95,0.9675,normal
2,38,21.48,99.93,1.14,0.9657,normal
2,39,20.57,99.78,2.08,0.9639,normal
2,40,20.73,99.96,1.08,0.962,normal
2,41,21.16,99.14,1.07,0.9601,normal
2,42,19.84,99.66,1.17,0.9581,normal
2,43,20.42,99.78,1.63,0.9561,normal
2,44,20.64,99.71,1.53,0.954,normal
2,45,20.78,99.54,0.16,0.9519,normal
2,46,20.64,99.48,0.3,0.9498,normal
2,47,20.42,100.26,0.8,0.9475,normal
2,48,20.48,99.98,-0.01,0.9453,normal
2,49,20.46,99.83,1.03,0.943,normal
2,50,20.63,99.69,1.42,0.9406,normal
2,51,20.32,99.55,0.79,0.9382,normal
2,52,19.99,99.35,0.12,0.9358,normal
2,53,21.12,99.86,0.19,0.9333,normal
2,54,20.74,99.03,1.26,0.9308,normal
2,55,21.2,99.42,1.45,0.9282,normal
2,56,21.58,99.53,-0.19,0.9255,normal
2,57,20.9,99.35,0.43,0.9229,normal
2,58,20.44,98.92,1.28,0.9201,normal
2,59,20.7,99.38,0.89,0.9173,normal
2,60,20.53,99.63,0.22,0.9145,normal
2,61,21.25,100.0,0.54,0.9116,normal
2,62,20.99,99.28,1.08,0.9087,normal
2,63,21.36,99.31,1.21,0.9058,normal
2,64,21.25,99.37,0.57,0.9027,normal
2,65,21.01,99.21,1.18,0.8997,normal
2,66,20.6,99.41,1.41,0.8966,normal
2,67,20.82,99.44,1.87,0.8934,normal
2,68,21.2,99.36,0.86,0.8902,normal
2,69,21.01,99.7,2.78,0.887,normal
2,70,21.44,98.89,1.8,0.8837,normal
2,71,21.65,99.03,1.64,0.8803,normal
2,72,21.2,99.38,1.5,0.8769,normal
2,73,21.5,99.37,1.03,0.8735,normal
2,74,21.05,99.14,1.77,0.87,normal
2,75,21.21,99.32,1.38,0.8664,normal
2,76,21.87,99.24,1.06,0.8629,normal
2,77,21.33,99.56,2.34,0.8592,normal
2,78,21.77,98.74,2.45,0.8555,normal
2,79,21.82,99.12,1.0,0.8518,normal
2,80,22.34,99.45,1.22,0.848,normal
2,81,21.57,98.93,1.4,0.8442,normal
2,82,22.18,99.3,1.9,0.8403,normal
2,83,21.23,98.87,2.46,0.8364,normal
2,84,22.04,98.94,2.03,0.8325,normal
2,85,21.35,98.77,1.85,0.8284,normal
2,86,21.63,99.27,2.54,0.8244,normal
2,87,21.91,98.73,1.98,0.8203,normal
2,88,21.64,98.97,2.35,0.8161,normal
2,89,22.14,98.92,2.18,0.8119,normal
2,90,21.9,99.28,2.17,0.8077,normal
2,91,22.53,98.88,1.89,0.8034,normal
2,92,22.35,99.08,1.63,0.799,normal
2,93,22.32,98.55,2.26,0.7946,normal
2,94,22.39,98.42,2.93,0.7902,normal
2,95,22.41,98.68,1.17,0.7857,normal
2,96,21.62,98.55,1.67,0.7812,normal
2,97,21.99,98.63,2.08,0.7766,normal
2,98,23.01,98.83,1.94,0.772,normal
2,99,22.61,98.74,2.31,0.7673,normal
2,100,22.54,98.46,2.04,0.7626,normal
2,101,22.0,98.83,1.74,0.7578,normal
2,102,22.1,98.57,2.93,0.753,normal
2,103,22.73,98.31,2.37,0.7481,normal
2,104,21.83,98.56,2.65,0.7432,normal
2,105,22.27,98.47,2.79,0.7382,normal
2,106,22.75,98.3,2.32,0.7332,normal
2,107,22.7,98.98,2.66,0.7282,normal
2,108,22.7,98.13,2.55,0.723,normal
2,109,23.71,99.23,2.32,0.7179,normal
2,110,22.49,98.26,2.85,0.7127,normal
2,111,22.64,97.96,3.04,0.7074,normal
2,112,23.9,97.65,2.1,0.7022,normal
2,113,23.38,98.71,2.48,0.6968,degraded
2,114,23.16,98.26,3.12,0.6914,degraded
2,115,23.53,97.6,3.27,0.686,degraded
2,116,22.73,98.17,2.7,0.6805,degraded
2,117,23.13,97.79,3.63,0.675,degraded
2,118,23.19,98.33,2.89,0.6694,degraded
2,119,23.3,97.89,2.85,0.6638,degraded
2,120,23.03,97.71,2.45,0.6581,degraded
2,121,23.29,98.14,3.75,0.6524,degraded
2,122,23.36,97.99,3.99,0.6466,degraded
2,123,23.83,97.81,3.67,0.6408,degraded
2,124,23.99,98.0,3.06,0.6349,degraded
2,125,23.6,97.71,2.98,0.629,degraded
2,126,23.31,97.67,4.28,0.623,degraded
2,127,24.25,97.18,3.46,0.617,degraded
2,128,23.65,97.05,3.03,0.611,degraded
2,129,23.39,97.64,4.09,0.6049,degraded
2,130,24.17,97.48,3.5,0.5987,degraded
2,131,23.93,97.1,3.97,0.5925,degraded
2,132,23.98,97.41,3.86,0.5863,degraded
2,133,23.99,97.5,4.68,0.58,degraded
2,134,24.1,97.19,3.75,0.5736,degraded
2,135,24.55,97.53,3.85,0.5673,degraded
2,136,24.61,97.12,4.21,0.5608,degraded
2,137,24.26,97.12,4.16,0.5543,degraded
2,138,24.2,97.19,4.41,0.5478,degraded
2,139,24.72,97.08,4.19,0.5412,degraded
2,140,25.0,97.33,3.54,0.5346,degraded
2,141,25.51,96.64,4.95,0.5279,degraded
2,142,24.38,96.85,4.9,0.5212,degraded
2,143,25.28,97.12,4.48,0.5145,degraded
2,144,25.67,97.42,5.3,0.5076,degraded
2,145,24.86,97.27,4.6,0.5008,degraded
2,146,25.22,96.85,5.03,0.4939,degraded
2,147,25.59,96.76,4.89,0.4869,degraded
2,148,25.02,96.79,3.85,0.4799,degraded
2,149,24.65,96.83,3.69,0.4729,degraded
2,150,24.57,97.11,4.73,0.4658,degraded
2,151,25.32,96.79,4.28,0.4586,degraded
2,152,26.14,97.12,5.7,0.4514,degraded
2,153,25.79,96.65,4.55,0.4442,degraded
2,154,25.28,96.75,5.31,0.4369,degraded
2,155,25.52,96.47,5.03,0.4295,degraded
2,156,25.03,96.86,4.05,0.4222,degraded
2,157,26.0,96.45,4.59,0.4147,degraded
2,158,25.51,95.98,5.19,0.4072,degraded
2,159,26.32,96.68,5.71,0.3997,failure
2,160,26.08,96.43,5.7,0.3921,failure
2,161,26.03,95.93,6.17,0.3845,failure
2,162,25.34,96.58,5.55,0.3769,failure
2,163,26.56,96.91,5.49,0.3691,failure
2,164,26.66,96.46,5.96,0.3614,failure
2,165,26.1,96.55,5.41,0.3536,failure
2,166,26.32,96.41,6.15,0.3457,failure
2,167,26.65,96.19,5.39,0.3378,failure
2,168,26.83,95.68,5.86,0.3298,failure
2,169,26.97,95.92,5.71,0.3218,failure
2,170,26.91,95.77,6.17,0.3138,failure
2,171,27.17,95.66,5.58,0.3057,failure
2,172,27.43,95.42,6.13,0.2975,failure
2,173,26.94,96.02,6.11,0.2894,failure
2,174,26.99,95.51,6.82,0.2811,failure
2,175,27.63,96.08,6.45,0.2728,failure
2,176,27.12,95.19,6.49,0.2645,failure
2,177,27.52,95.31,5.84,0.2561,failure
2,178,27.3,95.33,6.7,0.2477,failure
2,179,27.39,95.56,6.5,0.2392,failure
2,180,28.15,95.42,5.93,0.2307,failure
2,181,28.45,95.21,6.74,0.2221,failure
2,182,28.29,95.71,6.35,0.2135,failure
2,183,28.2,94.53,6.91,0.2048,failure
2,184,28.23,94.99,6.62,0.1961,failure
2,185,27.73,95.1,7.93,0.1874,failure
2,186,28.21,94.44,7.29,0.1785,failure
2,187,28.46,95.38,7.33,0.1697,failure
2,188,28.41,95.09,7.56,0.1608,failure
2,189,29.01,94.71,8.46,0.1518,failure
2,190,28.07,94.73,6.79,0.1428,failure
2,191,28.85,94.92,7.66,0.1338,failure
2,192,28.11,95.0,7.47,0.1247,failure
2,193,28.29,94.91,8.53,0.1155,failure
2,194,28.47,94.79,7.96,0.1064,failure
2,195,28.92,94.72,7.53,0.0971,failure
2,196,29.74,94.23,7.63,0.0878,failure
2,197,29.91,94.11,7.07,0.0785,failure
2,198,29.1,94.14,8.29,0.0691,failure
2,199,29.19,94.53,8.19,0.0597,failure
3,0,20.71,99.82,1.3,1.0,normal
3,1,20.29,100.15,0.12,1.0,normal
3,2,20.02,99.76,0.71,0.9999,normal
3,3,19.47,100.52,0.61,0.9997,normal
3,4,21.02,100.1,1.21,0.9994,normal
3,5,20.02,99.65,1.06,0.9991,normal
3,6,20.37,99.85,0.84,0.9988,normal
3,7,20.3,99.16,0.52,0.9983,normal
3,8,20.46,99.77,0.72,0.9978,normal
3,9,20.19,99.39,0.82,0.9972,normal
3,10,20.71,100.32,-0.37,0.9965,normal
3,11,19.73,99.55,1.11,0.9958,normal
3,12,19.73,100.49,0.83,0.995,normal
3,13,20.22,99.61,0.91,0.9941,normal
3,14,19.78,99.38,0.16,0.9932,normal
3,15,20.09,99.69,0.44,0.9922,normal
3,16,19.51,100.08,0.93,0.9911,normal
3,17,20.52,99.64,0.44,0.99,normal
3,18,19.49,99.72,-0.11,0.9888,normal
3,19,19.86,99.44,1.03,0.9875,normal
3,20,19.14,99.79,0.68,0.9861,normal
3,21,20.24,100.05,1.64,0.9847,normal
3,22,20.41,100.13,0.67,0.9832,normal
3,23,20.84,100.17,1.05,0.9817,normal
3,24,20.51,99.41,-0.06,0.9801,normal
3,25,20.95,100.07,0.95,0.9784,normal
3,26,20.14,99.64,1.35,0.9766,normal
3,27,20.03,99.84,0.77,0.9748,normal
3,28,20.96,100.03,0.62,0.9728,normal
3,29,20.6,99.65,1.18,0.9709,normal
3,30,20.35,99.78,0.74,0.9688,normal
3,31,19.81,99.57,1.14,0.9667,normal
3,32,20.1,99.41,0.55,0.9645,normal
3,33,20.93,99.13,0.83,0.9623,normal
3,34,19.37,99.74,0.51,0.96,normal
3,35,20.13,99.36,2.05,0.9576,normal
3,36,20.46,100.23,1.36,0.9551,normal
3,37,21.75,100.05,-0.17,0.9526,normal
3,38,19.8,99.5,0.79,0.95,normal
3,39,20.26,99.59,0.75,0.9473,normal
3,40,20.31,99.96,0.8,0.9446,normal
3,41,19.88,99.84,1.59,0.9418,normal
3,42,19.97,99.98,1.1,0.9389,normal
3,43,19.89,99.74,0.37,0.936,normal
3,44,20.39,99.92,0.89,0.9329,normal
3,45,21.0,99.77,1.35,0.9299,normal
3,46,20.39,99.1,1.03,0.9267,normal
3,47,20.71,99.22,1.81,0.9235,normal
3,48,21.27,99.77,1.16,0.9202,normal
3,49,21.36,98.99,1.88,0.9168,normal
3,50,21.23,100.17,1.33,0.9134,normal
3,51,20.92,99.32,1.81,0.9099,normal
3,52,21.26,99.11,1.26,0.9063,normal
3,53,21.56,99.25,1.0,0.9027,normal
3,54,20.78,99.46,1.25,0.899,normal
3,55,21.44,100.07,2.32,0.8952,normal
3,56,21.08,99.1,1.36,0.8914,normal
3,57,21.07,99.37,1.22,0.8875,normal
3,58,21.57,99.35,1.31,0.8835,normal
3,59,21.42,99.16,1.64,0.8794,normal
3,60,21.84,99.23,1.17,0.8753,normal
3,61,20.8,98.74,1.33,0.8711,normal
3,62,21.33,99.08,1.81,0.8669,normal
3,63,20.89,98.73,1.12,0.8625,normal
3,64,21.39,99.51,1.14,0.8581,normal
3,65,21.69,99.01,0.61,0.8537,normal
3,66,21.1,98.87,1.94,0.8491,normal
3,67,21.44,98.81,1.48,0.8445,normal
3,68,21.55,99.03,1.92,0.8398,normal
3,69,21.4,99.05,2.79,0.8351,normal
3,70,21.77,99.11,1.7,0.8303,normal
3,71,21.56,98.89,2.86,0.8254,normal
3,72,22.29,99.43,1.6,0.8205,normal
3,73,22.1,98.9,2.22,0.8154,normal
3,74,22.22,99.29,1.97,0.8103,normal
3,75,21.87,99.15,2.55,0.8052,normal
3,76,22.48,98.86,3.43,0.7999,normal
3,77,21.97,98.91,1.55,0.7946,normal
3,78,22.02,99.08,1.77,0.7893,normal
3,79,22.2,98.27,3.02,0.7838,normal
3,80,21.64,98.28,1.99,0.7783,normal
3,81,23.33,98.89,1.74,0.7728,normal
3,82,22.09,98.74,2.48,0.7671,normal
3,83,22.53,98.12,2.58,0.7614,normal
3,84,22.74,98.79,2.17,0.7556,normal
3,85,23.08,98.32,3.12,0.7498,normal
3,86,22.42,97.95,2.95,0.7438,normal
3,87,22.46,99.1,1.56,0.7378,normal
3,88,22.23,99.07,2.98,0.7318,normal
3,89,21.86,98.31,2.99,0.7257,normal
3,90,22.71,98.24,2.05,0.7195,normal
3,91,22.77,98.4,2.8,0.7132,normal
3,92,23.03,98.25,3.5,0.7068,normal
3,93,23.5,97.64,3.21,0.7004,normal
3,94,22.66,98.19,2.92,0.694,degraded
3,95,22.85,98.24,2.84,0.6874,degraded
3,96,23.53,98.55,2.96,0.6808,degraded
3,97,23.85,98.13,3.37,0.6741,degraded
3,98,23.44,97.56,3.86,0.6674,degraded
3,99,23.67,97.71,2.55,0.6605,degraded
3,100,23.4,98.58,3.68,0.6536,degraded
3,101,23.46,97.68,3.73,0.6467,degraded
3,102,23.57,97.79,2.98,0.6397,degraded
3,103,23.94,97.57,3.64,0.6326,degraded
3,104,23.95,97.84,3.79,0.6254,degraded
3,105,23.94,98.11,3.26,0.6181,degraded
3,106,23.87,97.53,3.4,0.6108,degraded
3,107,24.14,97.47,3.69,0.6035,degraded
3,108,24.36,97.47,3.46,0.596,degraded
3,109,24.04,97.61,3.76,0.5885,degraded
3,110,24.15,96.71,4.19,0.5809,degraded
3,111,23.92,97.34,4.68,0.5733,degraded
3,112,24.57,97.08,4.32,0.5655,degraded
3,113,24.96,97.09,4.28,0.5577,degraded
3,114,24.89,97.64,4.11,0.5499,degraded
3,115,24.76,97.05,4.33,0.542,degraded
3,116,25.07,97.51,4.08,0.5339,degraded
3,117,24.6,96.53,3.45,0.5259,degraded
3,118,24.85,97.14,3.65,0.5177,degraded
3,119,25.03,97.04,4.39,0.5095,degraded
3,120,24.73,97.59,5.02,0.5013,degraded
3,121,25.55,96.99,3.26,0.4929,degraded
3,122,25.13,97.05,3.79,0.4845,degraded
3,123,25.13,97.31,5.15,0.476,degraded
3,124,24.86,96.51,4.5,0.4675,degraded
3,125,25.27,96.93,4.13,0.4588,degraded
3,126,25.72,96.88,4.42,0.4501,degraded
3,127,25.07,96.22,4.89,0.4414,degraded
3,128,25.55,95.89,5.24,0.4325,degraded
3,129,25.78,96.22,4.64,0.4236,degraded
3,130,25.27,96.23,4.78,0.4147,degraded
3,131,25.63,96.59,5.71,0.4056,degraded
3,132,26.36,96.38,4.91,0.3965,failure
3,133,25.94,96.58,5.45,0.3873,failure
3,134,26.36,96.2,5.19,0.3781,failure
3,135,26.73,96.32,5.38,0.3688,failure
3,136,26.82,96.21,5.56,0.3594,failure
3,137,26.87,96.09,5.75,0.3499,failure
3,138,26.48,96.08,5.01,0.3404,failure
3,139,26.78,96.12,5.94,0.3308,failure
3,140,26.78,95.88,5.88,0.3212,failure
3,141,26.88,96.33,6.29,0.3114,failure
3,142,26.81,95.83,6.4,0.3016,failure
3,143,26.5,95.52,5.51,0.2917,failure
3,144,27.3,95.51,5.97,0.2818,failure
3,145,27.06,95.93,7.1,0.2718,failure
3,146,27.45,95.71,6.94,0.2617,failure
3,147,27.14,95.84,5.97,0.2516,failure
3,148,27.15,95.51,7.04,0.2414,failure
3,149,27.38,95.47,6.9,0.2311,failure
3,150,28.37,95.1,7.32,0.2207,failure
3,151,28.2,95.66,6.95,0.2103,failure
3,152,27.59,95.28,6.73,0.1998,failure
3,153,28.14,94.73,6.73,0.1892,failure
3,154,28.8,95.14,7.13,0.1786,failure
3,155,28.42,95.22,8.07,0.1679,failure
3,156,28.23,94.61,7.76,0.1571,failure
3,157,28.7,94.44,7.48,0.1463,failure
3,158,29.25,94.61,6.8,0.1354,failure
3,159,29.0,95.01,6.67,0.1244,failure
3,160,28.17,94.48,7.83,0.1133,failure
3,161,29.18,94.87,7.87,0.1022,failure
3,162,28.34,94.37,7.85,0.091,failure
3,163,29.0,94.29,8.16,0.0798,failure
3,164,29.07,94.67,7.88,0.0685,failure
3,165,30.18,94.26,7.73,0.0571,failure
3,166,29.44,94.17,8.1,0.0456,failure
3,167,30.04,94.22,8.21,0.0341,failure
3,168,29.94,94.24,8.27,0.0225,failure
3,169,29.43,94.45,8.95,0.0108,failure
3,170,30.38,93.82,9.22,0,failure
3,171,29.59,94.13,8.5,0,failure
3,172,30.08,94.25,8.48,0,failure
3,173,29.58,94.2,7.9,0,failure
3,174,30.04,93.93,8.22,0,failure
3,175,29.76,94.11,8.05,0,failure
3,176,29.57,93.62,8.18,0,failure
3,177,29.51,94.27,9.22,0,failure
3,178,30.06,94.77,8.7,0,failure
3,179,30.12,93.6,8.07,0,failure
3,180,30.07,94.08,7.93,0,failure
3,181,29.65,93.75,8.14,0,failure
3,182,29.58,93.86,9.6,0,failure
3,183,30.71,93.96,8.58,0,failure
3,184,30.49,94.39,9.06,0,failure
3,185,30.01,93.71,7.91,0,failure
3,186,30.01,94.23,8.38,0,failure
3,187,30.39,94.02,8.43,0,failure
3,188,29.87,94.41,8.13,0,failure
3,189,29.62,94.13,7.86,0,failure
3,190,30.53,93.54,8.8,0,failure
3,191,29.63,94.46,8.01,0,failure
3,192,30.65,94.52,8.76,0,failure
3,193,30.05,94.08,8.77,0,failure
3,194,29.34,94.03,8.19,0,failure
3,195,30.0,93.61,8.26,0,failure
3,196,30.58,94.27,8.93,0,failure
3,197,29.72,94.29,8.53,0,failure
3,198,30.69,94.26,7.94,0,failure
3,199,29.58,94.46,8.93,0,failure
4,0,20.21,99.63,-0.04,1.0,normal
4,1,19.83,99.94,0.49,1.0,normal
4,2,19.93,99.78,-0.17,0.9999,normal
4,3,20.14,100.15,0.76,0.9998,normal
4,4,19.96,100.5,1.17,0.9996,normal
4,5,20.35,100.34,0.49,0.9994,normal
4,6,19.22,99.5,0.23,0.9991,normal
4,7,19.93,100.05,-0.04,0.9988,normal
4,8,20.11,99.78,0.9,0.9984,normal
4,9,19.57,100.45,0.6,0.9979,normal
4,10,19.47,100.06,-0.39,0.9975,normal
4,11,19.5,100.19,0.29,0.9969,normal
4,12,20.28,100.06,0.91,0.9963,normal
4,13,19.58,99.78,-0.42,0.9957,normal
4,14,20.38,99.96,0.01,0.995,normal
4,15,20.67,99.47,0.44,0.9943,normal
4,16,19.81,100.39,1.1,0.9935,normal
4,17,20.76,100.53,0.55,0.9927,normal
4,18,20.14,100.12,-0.16,0.9918,normal
4,19,19.73,99.4,0.05,0.9908,normal
4,20,19.8,100.1,0.11,0.9898,normal
4,21,20.29,100.1,0.89,0.9888,normal
4,22,19.94,99.48,0.41,0.9877,normal
4,23,20.12,99.88,0.26,0.9866,normal
4,24,20.04,100.14,0.34,0.9854,normal
4,25,20.48,100.13,0.74,0.9841,normal
4,26,20.39,99.9,0.11,0.9828,normal
4,27,20.21,99.5,0.95,0.9815,normal
4,28,20.54,100.15,-0.01,0.9801,normal
4,29,20.74,99.68,0.46,0.9786,normal
4,30,20.37,99.76,0.99,0.9771,normal
4,31,20.38,99.89,1.37,0.9756,normal
4,32,20.14,99.87,0.41,0.974,normal
4,33,20.29,100.07,1.48,0.9723,normal
4,34,20.45,99.88,0.99,0.9706,normal
4,35,21.16,100.09,0.2,0.9689,normal
4,36,20.19,99.34,0.75,0.9671,normal
4,37,20.1,99.39,1.66,0.9652,normal
4,38,20.47,100.05,1.81,0.9633,normal
4,39,20.18,100.12,0.21,0.9613,normal
4,40,20.63,99.36,-0.02,0.9593,normal
4,41,21.47,99.61,0.69,0.9573,normal
4,42,20.7,99.66,-0.4,0.9552,normal
4,43,20.7,100.39,-0.07,0.953,normal
4,44,20.67,99.41,1.28,0.9508,normal
4,45,20.56,100.03,0.89,0.9485,normal
4,46,19.58,99.9,0.54,0.9462,normal
4,47,21.05,99.32,1.19,0.9439,normal
4,48,20.4,99.84,0.51,0.9414,normal
4,49,19.97,99.33,0.65,0.939,normal
4,50,20.83,99.53,1.41,0.9365,normal
4,51,20.97,99.86,0.95,0.9339,normal
4,52,20.2,99.33,1.53,0.9313,normal
4,53,20.3,99.26,0.15,0.9286,normal
4,54,20.61,99.78,0.21,0.9259,normal
4,55,21.6,99.44,1.6,0.9231,normal
4,56,21.28,98.75,0.37,0.9203,normal
4,57,21.15,99.44,1.36,0.9174,normal
4,58,20.06,99.02,1.3,0.9145,normal
4,59,21.37,99.18,1.78,0.9115,normal
4,60,20.49,98.96,1.36,0.9085,normal
4,61,21.2,99.49,1.04,0.9054,normal
4,62,21.56,99.61,2.17,0.9023,normal
4,63,20.69,99.29,1.56,0.8991,normal
4,64,21.14,99.43,1.61,0.8959,normal
4,65,20.73,99.62,1.14,0.8926,normal
4,66,21.84,99.25,0.95,0.8893,normal
4,67,21.32,99.79,1.45,0.8859,normal
4,68,20.99,99.32,1.34,0.8825,normal
4,69,21.67,99.56,1.41,0.879,normal
4,70,21.72,98.98,2.21,0.8755,normal
4,71,21.48,99.34,2.71,0.8719,normal
4,72,21.12,99.31,2.27,0.8683,normal
4,73,21.74,99.06,2.14,0.8646,normal
4,74,21.13,98.87,1.67,0.8608,normal
4,75,21.1,99.03,0.88,0.8571,normal
4,76,21.52,98.89,1.57,0.8532,normal
4,77,21.71,99.2,2.11,0.8493,normal
4,78,21.03,98.98,2.08,0.8454,normal
4,79,21.98,99.53,1.55,0.8414,normal
4,80,21.77,99.17,2.36,0.8374,normal
4,81,21.87,98.96,1.7,0.8333,normal
4,82,20.95,99.34,2.15,0.8291,normal
4,83,21.65,98.61,1.98,0.8249,normal
4,84,21.34,99.08,2.2,0.8207,normal
4,85,21.5,98.94,2.31,0.8164,normal
4,86,22.07,99.17,2.06,0.812,normal
4,87,22.7,98.51,1.19,0.8077,normal
4,88,21.44,98.99,2.44,0.8032,normal
4,89,22.42,99.06,1.54,0.7987,normal
4,90,22.04,98.53,3.53,0.7942,normal
4,91,23.02,99.34,1.61,0.7896,normal
4,92,21.54,98.68,2.54,0.7849,normal
4,93,22.85,98.5,1.81,0.7802,normal
4,94,22.28,98.82,3.45,0.7755,normal
4,95,22.35,98.24,2.74,0.7707,normal
4,96,22.66,98.84,1.62,0.7658,normal
4,97,22.47,98.36,2.35,0.7609,normal
4,98,22.63,98.33,2.78,0.7559,normal
4,99,21.76,98.83,2.62,0.7509,normal
4,100,22.36,98.73,2.66,0.7459,normal
4,101,22.24,98.46,2.25,0.7408,normal
4,102,22.83,98.18,3.02,0.7356,normal
4,103,22.26,97.95,2.47,0.7304,normal
4,104,21.66,98.29,2.59,0.7251,normal
4,105,22.55,98.44,3.28,0.7198,normal
4,106,22.72,98.54,2.83,0.7145,normal
4,107,22.88,98.33,3.05,0.7091,normal
4,108,22.72,98.0,2.87,0.7036,normal
4,109,23.64,97.82,3.1,0.6981,degraded
4,110,22.78,98.18,3.34,0.6925,degraded
4,111,22.93,98.26,2.94,0.6869,degraded
4,112,23.04,98.55,2.45,0.6812,degraded
4,113,23.81,98.47,3.02,0.6755,degraded
4,114,22.64,97.97,3.3,0.6697,degraded
4,115,23.36,98.17,2.35,0.6639,degraded
4,116,23.5,98.29,3.27,0.658,degraded
4,117,23.94,97.31,3.93,0.6521,degraded
4,118,23.47,98.28,3.18,0.6462,degraded
4,119,22.84,98.14,3.26,0.6401,degraded
4,120,23.6,97.42,2.79,0.6341,degraded
4,121,23.31,98.01,3.74,0.6279,degraded
4,122,24.17,98.21,4.14,0.6218,degraded
4,123,24.62,97.63,3.7,0.6155,degraded
4,124,24.16,97.49,3.6,0.6093,degraded
4,125,24.64,97.31,3.05,0.6029,degraded
4,126,23.66,97.68,2.52,0.5965,degraded
4,127,24.01,97.4,3.5,0.5901,degraded
4,128,24.14,97.34,2.94,0.5836,degraded
4,129,24.54,97.67,3.75,0.5771,degraded
4,130,24.44,97.4,4.36,0.5705,degraded
4,131,24.22,97.78,4.09,0.5639,degraded
4,132,25.31,96.88,4.41,0.5572,degraded
4,133,24.92,97.28,4.0,0.5505,degraded
4,134,24.69,97.27,3.99,0.5437,degraded
4,135,24.65,97.5,3.55,0.5369,degraded
4,136,24.49,97.21,3.75,0.53,degraded
4,137,25.29,96.6,3.63,0.523,degraded
4,138,24.68,96.75,4.23,0.516,degraded
4,139,24.31,97.38,4.18,0.509,degraded
4,140,24.78,97.09,4.76,0.5019,degraded
4,141,24.38,97.41,4.92,0.4948,degraded
4,142,25.08,96.68,4.57,0.4876,degraded
4,143,25.19,96.02,5.39,0.4803,degraded
4,144,25.55,96.33,5.46,0.473,degraded
4,145,25.4,97.16,3.91,0.4657,degraded
4,146,24.95,96.73,4.82,0.4583,degraded
4,147,25.53,95.93,4.62,0.4509,degraded
4,148,25.98,96.36,4.77,0.4434,degraded
4,149,26.03,96.24,5.01,0.4358,degraded
4,150,25.69,96.37,5.18,0.4282,degraded
4,151,25.29,96.15,4.56,0.4206,degraded
4,152,25.95,96.33,5.02,0.4129,degraded
4,153,25.43,96.21,4.86,0.4051,degraded
4,154,26.13,96.29,5.28,0.3973,failure
4,155,25.47,95.55,5.26,0.3895,failure
4,156,26.02,96.21,5.15,0.3816,failure
4,157,25.74,96.23,5.7,0.3736,failure
4,158,25.44,96.05,5.73,0.3656,failure
4,159,26.91,96.42,4.82,0.3575,failure
4,160,26.22,95.95,5.6,0.3494,failure
4,161,27.1,96.29,5.4,0.3413,failure
4,162,26.7,95.86,5.76,0.3331,failure
4,163,27.37,95.69,5.48,0.3248,failure
4,164,26.97,95.79,5.54,0.3165,failure
4,165,27.03,96.41,5.84,0.3081,failure
4,166,26.73,96.17,5.88,0.2997,failure
4,167,27.33,96.05,5.79,0.2913,failure
4,168,26.51,96.03,5.85,0.2828,failure
4,169,27.34,96.08,6.53,0.2742,failure
4,170,26.44,95.48,6.21,0.2656,failure
4,171,27.04,95.45,7.66,0.2569,failure
4,172,27.37,95.87,7.11,0.2482,failure
4,173,27.59,95.78,7.2,0.2394,failure
4,174,27.71,95.59,6.62,0.2306,failure
4,175,27.52,95.2,6.74,0.2217,failure
4,176,28.32,95.58,6.24,0.2128,failure
4,177,28.19,95.01,6.45,0.2038,failure
4,178,27.76,94.75,6.84,0.1948,failure
4,179,28.05,94.89,7.9,0.1858,failure
4,180,27.64,95.42,6.63,0.1766,failure
4,181,28.19,95.41,7.27,0.1675,failure
4,182,29.12,95.19,6.59,0.1582,failure
4,183,27.48,95.24,7.61,0.149,failure
4,184,28.58,94.38,6.71,0.1396,failure
4,185,28.21,94.74,6.79,0.1303,failure
4,186,28.99,94.48,7.13,0.1208,failure
4,187,27.97,94.81,9.05,0.1113,failure
4,188,28.88,94.39,7.85,0.1018,failure
4,189,29.21,94.48,7.25,0.0922,failure
4,190,29.8,94.04,7.65,0.0826,failure
4,191,29.22,94.59,7.83,0.0729,failure
4,192,29.45,94.63,8.49,0.0632,failure
4,193,29.59,94.44,8.72,0.0534,failure
4,194,29.31,93.71,7.79,0.0436,failure
4,195,29.51,93.88,7.96,0.0337,failure
4,196,29.75,94.52,7.81,0.0237,failure
4,197,28.94,93.99,8.13,0.0138,failure
4,198,30.38,94.18,9.43,0.0037,failure
4,199,30.53,93.51,7.89,0,failure
5,0,20.22,99.87,0.57,1.0,normal
5,1,19.98,100.26,1.52,1.0,normal
5,2,18.96,100.29,0.04,0.9999,normal
5,3,20.25,100.23,0.23,0.9997,normal
5,4,19.56,99.88,0.52,0.9995,normal
5,5,20.03,100.21,-0.17,0.9992,normal
5,6,19.88,100.07,1.2,0.9989,normal
5,7,20.51,99.56,0.72,0.9985,normal
5,8,19.36,99.78,0.9,0.998,normal
5,9,20.48,100.19,-0.0,0.9975,normal
5,10,20.37,100.3,0.53,0.9969,normal
5,11,20.39,99.81,0.59,0.9962,normal
5,12,20.01,99.91,0.48,0.9955,normal
5,13,21.0,99.91,1.8,0.9948,normal
5,14,20.47,100.36,0.49,0.9939,normal
5,15,20.41,100.15,0.08,0.993,normal
5,16,20.1,99.97,0.1,0.9921,normal
5,17,20.16,100.13,0.29,0.991,normal
5,18,20.35,99.62,0.86,0.9899,normal
5,19,20.3,99.72,1.39,0.9888,normal
5,20,20.27,99.8,1.01,0.9876,normal
5,21,20.18,99.62,0.79,0.9863,normal
5,22,20.04,100.05,0.21,0.985,normal
5,23,20.53,99.95,2.14,0.9836,normal
5,24,19.99,100.05,1.21,0.9821,normal
5,25,20.21,99.58,1.67,0.9806,normal
5,26,20.34,99.55,0.28,0.979,normal
5,27,20.82,99.4,1.52,0.9774,normal
5,28,20.48,100.08,1.66,0.9757,normal
5,29,20.07,100.26,0.99,0.9739,normal
5,30,20.42,99.67,0.01,0.9721,normal
5,31,20.27,100.04,-0.17,0.9702,normal
5,32,20.59,100.02,0.16,0.9682,normal
5,33,20.17,99.94,0.6,0.9662,normal
5,34,19.76,99.31,1.36,0.9641,normal
5,35,20.43,99.99,0.52,0.962,normal
5,36,20.04,100.13,1.26,0.9598,normal
5,37,20.87,99.97,1.26,0.9575,normal
5,38,20.59,100.23,1.31,0.9552,normal
5,39,20.07,99.38,1.38,0.9528,normal
5,40,19.64,100.1,1.26,0.9503,normal
5,41,20.34,99.29,0.92,0.9478,normal
5,42,20.18,100.13,1.3,0.9452,normal
5,43,20.35,99.82,0.35,0.9426,normal
5,44,21.13,99.92,0.94,0.9399,normal
5,45,20.6,99.47,1.09,0.9371,normal
5,46,20.59,100.21,0.45,0.9343,normal
5,47,21.04,99.81,0.93,0.9314,normal
5,48,20.85,99.41,0.72,0.9285,normal
5,49,21.11,99.33,0.68,0.9254,normal
5,50,20.04,99.61,1.6,0.9224,normal
5,51,20.88,100.07,1.35,0.9192,normal
5,52,20.44,99.09,0.99,0.916,normal
5,53,20.48,99.96,0.64,0.9128,normal
5,54,21.02,99.46,1.44,0.9095,normal
5,55,21.47,99.67,1.83,0.9061,normal
5,56,20.85,98.98,1.14,0.9026,normal
5,57,20.96,99.27,0.47,0.8991,normal
5,58,20.64,99.67,1.68,0.8955,normal
5,59,20.8,99.25,0.57,0.8919,normal
5,60,20.65,99.29,1.37,0.8882,normal
5,61,21.35,99.47,1.39,0.8845,normal
5,62,21.0,99.55,1.1,0.8806,normal
5,63,21.2,99.62,1.44,0.8768,normal
5,64,21.18,98.78,0.78,0.8728,normal
5,65,21.35,99.54,1.26,0.8688,normal
5,66,21.8,98.99,1.65,0.8647,normal
5,67,20.68,99.75,1.62,0.8606,normal
5,68,21.17,99.25,0.79,0.8564,normal
5,69,21.1,99.76,1.41,0.8522,normal
5,70,21.67,99.02,1.13,0.8479,normal
5,71,21.67,99.71,2.07,0.8435,normal
5,72,21.32,98.54,2.77,0.839,normal
5,73,21.34,99.42,1.57,0.8345,normal
5,74,22.08,98.93,1.52,0.83,normal
5,75,21.39,98.92,2.27,0.8253,normal
5,76,21.86,98.78,1.24,0.8207,normal
5,77,21.93,98.64,2.24,0.8159,normal
5,78,21.7,98.78,2.16,0.8111,normal
5,79,21.69,98.96,1.81,0.8062,normal
5,80,22.16,98.67,2.71,0.8013,normal
5,81,22.05,98.5,2.51,0.7963,normal
5,82,21.82,98.99,1.64,0.7912,normal
5,83,22.44,98.86,1.23,0.7861,normal
5,84,22.14,98.93,2.24,0.7809,normal
5,85,21.48,98.52,2.34,0.7757,normal
5,86,22.06,98.7,2.81,0.7704,normal
5,87,23.51,98.5,2.62,0.765,normal
5,88,21.78,98.76,2.59,0.7596,normal
5,89,22.5,98.83,2.87,0.7541,normal
5,90,22.87,98.48,2.41,0.7485,normal
5,91,22.62,98.76,2.41,0.7429,normal
5,92,22.72,98.32,2.78,0.7372,normal
5,93,22.69,98.41,2.16,0.7314,normal
5,94,22.57,97.88,2.59,0.7256,normal
5,95,22.67,98.23,2.39,0.7198,normal
5,96,22.25,98.26,2.13,0.7138,normal
5,97,23.19,98.55,2.77,0.7079,normal
5,98,23.32,97.75,2.58,0.7018,normal
5,99,23.37,98.48,3.1,0.6957,degraded
5,100,23.28,98.49,2.67,0.6895,degraded
5,101,23.08,98.04,2.31,0.6833,degraded
5,102,23.58,98.38,3.9,0.677,degraded
5,103,23.34,97.84,3.6,0.6706,degraded
5,104,23.49,97.62,2.95,0.6642,degraded
5,105,23.34,98.3,3.72,0.6577,degraded
5,106,23.62,98.2,3.82,0.6511,degraded
5,107,23.23,97.75,3.26,0.6445,degraded
5,108,23.25,98.0,3.33,0.6378,degraded
5,109,23.21,97.83,3.56,0.6311,degraded
5,110,23.87,97.64,3.67,0.6243,degraded
5,111,24.46,97.42,3.04,0.6174,degraded
5,112,24.14,97.79,3.6,0.6105,degraded
5,113,24.46,97.33,4.52,0.6035,degraded
5,114,24.48,97.78,3.66,0.5965,degraded
5,115,24.38,97.89,3.32,0.5894,degraded
5,116,24.13,97.36,3.98,0.5822,degraded
5,117,24.54,97.67,3.83,0.575,degraded
5,118,24.29,97.53,4.79,0.5677,degraded
5,119,24.34,97.21,3.9,0.5603,degraded
5,120,24.94,97.39,4.34,0.5529,degraded
5,121,23.94,96.98,4.29,0.5454,degraded
5,122,24.94,97.4,3.56,0.5379,degraded
5,123,24.5,97.16,3.09,0.5302,degraded
5,124,24.36,97.08,4.39,0.5226,degraded
5,125,25.18,97.26,4.69,0.5148,degraded
5,126,25.52,97.23,3.99,0.5071,degraded
5,127,25.64,97.17,3.99,0.4992,degraded
5,128,24.65,96.78,4.53,0.4913,degraded
5,129,25.54,96.57,4.58,0.4833,degraded
5,130,25.66,96.78,4.57,0.4753,degraded
5,131,25.16,96.88,4.23,0.4672,degraded
5,132,25.21,96.26,5.24,0.459,degraded
5,133,25.23,96.32,4.11,0.4508,degraded
5,134,25.36,96.31,5.35,0.4425,degraded
5,135,26.44,96.99,5.6,0.4341,degraded
5,136,25.64,96.93,6.02,0.4257,degraded
5,137,26.21,96.82,5.16,0.4172,degraded
5,138,26.57,97.11,5.75,0.4087,degraded
5,139,25.97,96.35,5.34,0.4001,degraded
5,140,26.11,96.33,5.17,0.3914,failure
5,141,26.58,95.97,5.73,0.3827,failure
5,142,25.75,96.32,5.43,0.3739,failure
5,143,26.22,95.97,5.07,0.3651,failure
5,144,26.34,95.93,5.93,0.3562,failure
5,145,26.7,96.16,6.09,0.3472,failure
5,146,26.17,95.76,6.63,0.3381,failure
5,147,26.73,95.91,6.28,0.329,failure
5,148,27.1,96.24,5.62,0.3199,failure
5,149,27.53,96.31,6.14,0.3107,failure
5,150,26.88,95.77,5.74,0.3014,failure
5,151,26.64,95.51,6.19,0.292,failure
5,152,26.79,96.09,6.02,0.2826,failure
5,153,27.6,95.46,6.82,0.2732,failure
5,154,27.1,95.51,7.18,0.2636,failure
5,155,27.16,96.04,6.8,0.254,failure
5,156,27.15,95.91,6.04,0.2444,failure
5,157,27.7,94.83,5.59,0.2347,failure
5,158,27.89,95.93,7.13,0.2249,failure
5,159,27.55,95.21,6.62,0.215,failure
5,160,28.18,95.04,7.34,0.2051,failure
5,161,27.61,95.37,7.0,0.1952,failure
5,162,28.38,95.48,7.4,0.1851,failure
5,163,28.38,95.19,7.1,0.175,failure
5,164,28.77,95.2,7.43,0.1649,failure
5,165,29.32,94.6,7.41,0.1547,failure
5,166,28.75,94.69,6.66,0.1444,failure
5,167,28.35,94.65,7.03,0.1341,failure
5,168,29.26,94.91,7.28,0.1236,failure
5,169,29.07,94.72,8.0,0.1132,failure
5,170,29.85,94.78,7.66,0.1027,failure
5,171,29.24,94.65,8.29,0.0921,failure
5,172,29.35,94.61,8.1,0.0814,failure
5,173,29.65,94.82,7.78,0.0707,failure
5,174,29.69,94.81,7.45,0.0599,failure
5,175,30.26,94.61,7.85,0.0491,failure
5,176,28.96,94.31,7.99,0.0382,failure
5,177,29.15,93.99,9.0,0.0272,failure
5,178,30.5,93.86,8.43,0.0162,failure
5,179,29.77,93.93,8.77,0.0051,failure
5,180,30.04,93.95,7.92,0,failure
5,181,29.54,94.39,8.54,0,failure
5,182,30.33,93.77,8.91,0,failure
5,183,30.76,94.49,8.35,0,failure
5,184,30.32,94.05,8.69,0,failure
5,185,30.41,93.87,7.79,0,failure
5,186,29.31,94.08,8.27,0,failure
5,187,29.55,93.71,8.91,0,failure
5,188,30.33,93.92,9.13,0,failure
5,189,30.27,93.99,8.28,0,failure
5,190,30.64,93.57,7.95,0,failure
5,191,29.75,93.5,9.21,0,failure
5,192,29.73,93.96,7.56,0,failure
5,193,30.41,93.66,9.32,0,failure
5,194,30.1,93.72,7.78,0,failure
5,195,29.4,94.02,8.14,0,failure
5,196,30.12,94.9,8.76,0,failure
5,197,29.28,93.64,8.76,0,failure
5,198,29.35,94.2,7.53,0,failure
5,199,30.58,94.01,8.86,0,failure
6,0,20.02,99.78,0.64,1.0,normal
6,1,19.86,99.53,0.05,1.0,normal
6,2,20.5,99.89,0.48,0.9999,normal
6,3,19.58,99.96,0.85,0.9997,normal
6,4,20.15,99.58,1.17,0.9995,normal
6,5,20.19,99.87,0.46,0.9992,normal
6,6,19.95,99.19,0.42,0.9989,normal
6,7,19.57,100.09,1.33,0.9985,normal
6,8,20.02,99.75,-0.06,0.998,normal
6,9,19.49,100.17,0.24,0.9975,normal
6,10,20.58,99.99,0.33,0.9969,normal
6,11,20.61,99.77,1.08,0.9962,normal
6,12,20.35,99.88,1.54,0.9955,normal
6,13,20.15,100.41,-0.68,0.9947,normal
6,14,19.28,100.2,-0.16,0.9938,normal
6,15,19.95,99.86,1.23,0.9929,normal
6,16,19.46,99.91,0.58,0.9919,normal
6,17,20.26,99.82,0.63,0.9909,normal
6,18,20.19,100.02,-0.09,0.9898,normal
6,19,19.39,100.1,0.2,0.9886,normal
6,20,20.17,100.08,0.47,0.9874,normal
6,21,20.39,99.93,0.08,0.9861,normal
6,22,20.22,99.97,1.2,0.9848,normal
6,23,20.1,99.55,1.57,0.9834,normal
6,24,19.65,99.61,0.46,0.9819,normal
6,25,20.59,99.78,0.74,0.9803,normal
6,26,19.87,99.87,0.33,0.9787,normal
6,27,19.98,100.16,-0.07,0.9771,normal
6,28,20.53,99.63,0.84,0.9753,normal
6,29,21.09,99.46,0.92,0.9735,normal
6,30,20.35,99.41,0.3,0.9717,normal
6,31,20.36,99.76,1.15,0.9698,normal
6,32,20.45,99.76,0.42,0.9678,normal
6,33,20.11,100.26,1.3,0.9657,normal
6,34,20.09,100.15,0.55,0.9636,normal
6,35,19.86,99.47,0.61,0.9615,normal
6,36,20.49,99.85,0.61,0.9592,normal
6,37,20.65,99.62,1.36,0.9569,normal
6,38,20.11,99.79,0.63,0.9546,normal
6,39,20.2,100.28,1.26,0.9521,normal
6,40,20.31,99.78,1.93,0.9497,normal
6,41,20.71,100.27,0.18,0.9471,normal
6,42,20.54,99.56,0.24,0.9445,normal
6,43,20.08,99.93,1.05,0.9418,normal
6,44,20.71,99.37,0.19,0.9391,normal
6,45,20.63,99.23,1.23,0.9363,normal
6,46,19.5,99.61,0.46,0.9334,normal
6,47,20.51,99.28,0.67,0.9305,normal
6,48,20.25,99.81,0.94,0.9275,normal
6,49,21.44,99.45,1.88,0.9244,normal
6,50,20.88,99.53,-0.12,0.9213,normal
6,51,20.23,99.73,1.67,0.9182,normal
6,52,20.85,99.62,1.39,0.9149,normal
6,53,19.67,99.09,0.68,0.9116,normal
6,54,20.73,99.62,1.28,0.9082,normal
6,55,20.61,99.86,1.18,0.9048,normal
6,56,20.36,99.38,1.5,0.9013,normal
6,57,21.25,99.74,1.45,0.8978,normal
6,58,20.6,99.67,0.91,0.8941,normal
6,59,21.43,99.34,1.26,0.8905,normal
6,60,20.88,99.5,1.3,0.8867,normal
6,61,21.2,99.64,1.31,0.8829,normal
6,62,21.13,99.53,2.25,0.879,normal
6,63,21.08,99.3,1.37,0.8751,normal
6,64,21.65,99.92,1.75,0.8711,normal
6,65,21.51,99.49,1.81,0.867,normal
6,66,21.41,99.44,3.22,0.8629,normal
6,67,21.04,98.77,1.64,0.8587,normal
6,68,21.95,99.22,1.69,0.8545,normal
6,69,20.94,99.57,1.13,0.8502,normal
6,70,22.09,98.46,1.8,0.8458,normal
6,71,21.56,99.31,0.92,0.8414,normal
6,72,20.97,99.19,1.51,0.8369,normal
6,73,21.91,98.64,1.62,0.8323,normal
6,74,22.53,99.09,1.08,0.8277,normal
6,75,21.4,98.99,1.12,0.823,normal
6,76,22.61,98.94,1.96,0.8182,normal
6,77,22.3,98.91,1.64,0.8134,normal
6,78,21.22,99.16,1.96,0.8086,normal
6,79,21.32,98.82,2.4,0.8036,normal
6,80,22.0,99.12,1.63,0.7986,normal
6,81,22.21,98.64,1.88,0.7935,normal
6,82,21.4,98.69,1.18,0.7884,normal
6,83,21.96,98.03,1.84,0.7832,normal
6,84,22.47,98.79,2.47,0.778,normal
6,85,22.32,98.94,1.94,0.7726,normal
6,86,22.69,98.75,2.42,0.7673,normal
6,87,22.66,98.86,2.48,0.7618,normal
6,88,22.65,98.41,2.81,0.7563,normal
6,89,22.2,98.51,1.92,0.7507,normal
6,90,22.3,98.73,3.07,0.7451,normal
6,91,22.7,98.35,2.29,0.7394,normal
6,92,22.72,98.48,3.05,0.7337,normal
6,93,22.39,98.32,2.67,0.7278,normal
6,94,23.25,97.8,2.34,0.722,normal
6,95,22.31,98.0,2.49,0.716,normal
6,96,23.01,98.5,2.95,0.71,normal
6,97,23.55,98.8,4.01,0.7039,normal
6,98,22.84,98.62,2.1,0.6978,degraded
6,99,22.66,98.21,3.19,0.6916,degraded
6,100,23.24,98.48,3.26,0.6853,degraded
6,101,23.03,97.91,2.08,0.679,degraded
6,102,23.42,97.93,3.14,0.6726,degraded
6,103,22.62,98.16,3.41,0.6662,degraded
6,104,23.24,98.04,2.87,0.6596,degraded
6,105,24.2,97.9,3.72,0.6531,degraded
6,106,22.98,97.97,3.48,0.6464,degraded
6,107,23.7,98.24,2.51,0.6397,degraded
6,108,23.01,97.62,3.53,0.633,degraded
6,109,23.57,97.92,3.07,0.6261,degraded
6,110,23.63,97.67,3.3,0.6192,degraded
6,111,24.0,97.84,4.1,0.6123,degraded
6,112,23.7,97.44,4.74,0.6053,degraded
6,113,23.88,97.33,4.16,0.5982,degraded
6,114,23.72,98.12,3.11,0.591,degraded
6,115,24.23,97.44,3.61,0.5838,degraded
6,116,24.07,97.11,4.27,0.5766,degraded
6,117,24.26,97.56,3.58,0.5692,degraded
6,118,24.85,97.48,2.85,0.5618,degraded
6,119,24.07,97.24,4.37,0.5544,degraded
6,120,24.64,97.75,3.97,0.5469,degraded
6,121,25.31,97.04,4.4,0.5393,degraded
6,122,24.73,97.06,3.82,0.5316,degraded
6,123,24.66,96.66,3.91,0.5239,degraded
6,124,23.79,96.89,4.76,0.5162,degraded
6,125,23.84,96.99,4.47,0.5083,degraded
6,126,25.66,96.83,4.91,0.5004,degraded
6,127,24.87,96.82,4.84,0.4925,degraded
6,128,25.36,96.65,4.15,0.4844,degraded
6,129,24.73,96.97,5.26,0.4763,degraded
6,130,25.05,97.04,5.02,0.4682,degraded
6,131,24.25,96.85,5.26,0.46,degraded
6,132,25.33,96.87,4.5,0.4517,degraded
6,133,26.53,96.93,4.97,0.4434,degraded
6,134,25.37,96.79,4.77,0.435,degraded
6,135,26.19,96.33,4.92,0.4265,degraded
6,136,25.68,96.33,5.11,0.418,degraded
6,137,26.01,96.06,5.24,0.4094,degraded
6,138,26.12,96.31,5.77,0.4007,degraded
6,139,25.79,96.43,6.16,0.392,failure
6,140,26.09,95.99,5.39,0.3832,failure
6,141,26.05,96.04,5.62,0.3744,failure
6,142,26.08,96.72,5.68,0.3655,failure
6,143,27.44,95.98,5.41,0.3565,failure
6,144,26.47,96.06,5.8,0.3475,failure
6,145,26.91,95.63,6.06,0.3384,failure
6,146,27.02,96.22,5.49,0.3292,failure
6,147,27.11,95.32,6.12,0.32,failure
6,148,27.22,95.67,6.61,0.3107,failure
6,149,26.95,95.99,5.26,0.3014,failure
6,150,26.89,95.39,6.78,0.292,failure
6,151,26.97,95.51,5.99,0.2825,failure
6,152,27.1,95.76,6.4,0.273,failure
6,153,27.08,95.62,6.23,0.2634,failure
6,154,27.46,95.79,7.16,0.2537,failure
6,155,27.88,95.27,6.36,0.244,failure
6,156,27.56,95.17,6.74,0.2342,failure
6,157,27.66,95.29,7.29,0.2244,failure
6,158,27.92,95.28,6.14,0.2144,failure
6,159,27.02,95.18,6.18,0.2045,failure
6,160,27.91,95.05,6.41,0.1944,failure
6,161,28.81,95.01,7.57,0.1843,failure
6,162,28.46,94.86,7.27,0.1742,failure
6,163,28.53,94.5,7.72,0.1639,failure
6,164,27.69,94.55,8.11,0.1536,failure
6,165,28.74,94.48,7.06,0.1433,failure
6,166,28.21,94.9,7.28,0.1329,failure
6,167,28.78,94.76,6.91,0.1224,failure
6,168,28.6,94.3,7.24,0.1119,failure
6,169,28.69,94.44,7.09,0.1013,failure
6,170,28.63,94.71,7.55,0.0906,failure
6,171,28.77,94.32,7.98,0.0799,failure
6,172,29.35,94.27,7.39,0.0691,failure
6,173,29.27,94.75,7.87,0.0582,failure
6,174,29.75,94.09,8.6,0.0473,failure
6,175,29.57,93.76,8.03,0.0363,failure
6,176,29.36,93.67,8.9,0.0253,failure
6,177,29.99,93.62,8.47,0.0142,failure
6,178,29.86,94.06,8.5,0.003,failure
6,179,30.15,93.78,9.25,0,failure
6,180,29.76,94.02,8.53,0,failure
6,181,30.02,94.52,7.84,0,failure
6,182,29.77,94.04,7.99,0,failure
6,183,29.49,93.81,8.21,0,failure
6,184,29.49,93.92,8.39,0,failure
6,185,29.94,94.34,8.3,0,failure
6,186,29.67,95.2,8.87,0,failure
6,187,30.04,93.67,9.22,0,failure
6,188,29.89,94.3,7.69,0,failure
6,189,30.47,93.94,7.29,0,failure
6,190,30.27,93.81,8.44,0,failure
6,191,29.71,94.45,7.68,0,failure
6,192,31.33,94.16,8.42,0,failure
6,193,30.06,94.06,8.69,0,failure
6,194,29.99,94.2,8.71,0,failure
6,195,30.47,93.56,8.54,0,failure
6,196,30.69,93.41,8.68,0,failure
6,197,30.04,93.57,8.67,0,failure
6,198,30.19,93.84,7.84,0,failure
6,199,29.56,94.08,7.76,0,failure
7,0,20.36,99.82,-0.23,1.0,normal
7,1,19.37,99.91,0.49,1.0,normal
7,2,19.37,100.4,-0.5,0.9999,normal
7,3,18.97,99.83,0.11,0.9998,normal
7,4,20.55,100.11,0.46,0.9997,normal
7,5,19.55,100.31,0.53,0.9995,normal
7,6,19.65,99.91,0.08,0.9993,normal
7,7,19.72,100.21,0.13,0.9991,normal
7,8,20.01,100.23,0.78,0.9988,normal
7,9,19.81,99.67,1.13,0.9984,normal
7,10,19.43,99.82,-0.23,0.9981,normal
7,11,20.44,100.34,0.48,0.9977,normal
7,12,20.52,99.81,0.44,0.9972,normal
7,13,20.33,99.72,1.42,0.9967,normal
7,14,20.09,100.25,0.5,0.9962,normal
7,15,19.94,100.12,0.56,0.9957,normal
7,16,19.89,99.89,0.61,0.9951,normal
7,17,20.4,100.14,1.6,0.9944,normal
7,18,19.86,99.85,0.92,0.9938,normal
7,19,20.21,100.44,0.72,0.9931,normal
7,20,20.05,99.96,0.31,0.9923,normal
7,21,19.55,99.82,1.42,0.9915,normal
7,22,19.15,99.8,0.39,0.9907,normal
7,23,20.03,99.77,0.22,0.9898,normal
7,24,20.44,99.97,-0.11,0.9889,normal
7,25,20.19,99.62,1.07,0.988,normal
7,26,19.78,99.87,-0.37,0.987,normal
7,27,19.35,99.45,1.24,0.986,normal
7,28,20.25,99.96,0.11,0.9849,normal
7,29,20.26,99.61,1.28,0.9838,normal
7,30,19.25,99.73,-0.19,0.9827,normal
7,31,20.57,99.81,0.37,0.9815,normal
7,32,20.03,99.29,0.17,0.9803,normal
7,33,19.79,99.12,-0.26,0.979,normal
7,34,20.78,100.15,0.6,0.9778,normal
7,35,20.07,100.05,0.42,0.9764,normal
7,36,20.97,100.2,0.59,0.9751,normal
7,37,20.45,99.82,0.88,0.9737,normal
7,38,20.21,99.56,0.73,0.9722,normal
7,39,21.14,99.89,0.38,0.9707,normal
7,40,20.27,100.29,0.78,0.9692,normal
7,41,20.26,100.08,0.7,0.9676,normal
7,42,20.37,100.28,1.03,0.9661,normal
7,43,20.7,99.98,1.75,0.9644,normal
7,44,20.43,100.2,1.4,0.9627,normal
7,45,20.43,99.93,-0.38,0.961,normal
7,46,20.56,100.12,1.26,0.9593,normal
7,47,19.93,98.9,0.39,0.9575,normal
7,48,20.92,99.97,1.37,0.9557,normal
7,49,19.65,99.62,0.64,0.9538,normal
7,50,20.48,100.45,0.49,0.9519,normal
7,51,20.5,100.07,0.88,0.9499,normal
7,52,20.43,99.46,0.38,0.948,normal
7,53,21.04,99.66,1.19,0.9459,normal
7,54,21.24,99.46,0.68,0.9439,normal
7,55,21.12,100.02,1.09,0.9418,normal
7,56,20.17,99.91,0.39,0.9396,normal
7,57,20.71,99.37,1.15,0.9375,normal
7,58,20.74,99.6,0.33,0.9353,normal
7,59,21.35,99.87,0.73,0.933,normal
7,60,20.38,99.64,0.23,0.9307,normal
7,61,20.58,99.35,1.62,0.9284,normal
7,62,20.78,100.28,0.76,0.926,normal
7,63,20.39,100.0,1.11,0.9236,normal
7,64,20.65,99.89,0.77,0.9212,normal
7,65,20.73,99.46,1.72,0.9187,normal
7,66,20.85,99.72,0.98,0.9162,normal
7,67,20.64,99.28,0.94,0.9136,normal
7,68,20.98,99.89,0.98,0.911,normal
7,69,21.57,99.07,1.49,0.9084,normal
7,70,21.64,99.16,1.02,0.9057,normal
7,71,20.64,99.56,0.42,0.903,normal
7,72,21.41,99.42,1.9,0.9002,normal
7,73,21.33,99.18,1.46,0.8974,normal
7,74,21.15,99.05,1.61,0.8946,normal
7,75,20.7,99.13,0.81,0.8917,normal
7,76,20.97,99.17,2.38,0.8888,normal
7,77,20.89,98.54,1.2,0.8859,normal
7,78,21.45,99.43,0.73,0.8829,normal
7,79,20.81,99.4,1.92,0.8799,normal
7,80,20.95,99.3,1.27,0.8768,normal
7,81,21.14,99.0,0.99,0.8737,normal
7,82,21.24,99.38,1.88,0.8706,normal
7,83,21.54,99.32,0.87,0.8674,normal
7,84,21.45,99.2,1.05,0.8642,normal
7,85,21.46,99.37,1.54,0.861,normal
7,86,21.05,99.21,1.87,0.8577,normal
7,87,22.12,99.15,0.88,0.8543,normal
7,88,21.48,98.9,1.15,0.851,normal
7,89,21.05,98.99,1.44,0.8476,normal
7,90,21.67,99.12,1.88,0.8441,normal
7,91,22.03,99.13,2.18,0.8406,normal
7,92,21.46,99.43,1.78,0.8371,normal
7,93,21.58,98.92,2.51,0.8335,normal
7,94,22.21,99.02,1.82,0.8299,normal
7,95,21.95,98.75,2.29,0.8263,normal
7,96,22.09,98.97,1.83,0.8226,normal
7,97,21.73,99.13,1.46,0.8189,normal
7,98,21.33,98.27,1.79,0.8152,normal
7,99,22.58,98.45,2.18,0.8114,normal
7,100,21.9,99.5,2.72,0.8075,normal
7,101,21.74,99.42,2.47,0.8037,normal
7,102,22.27,98.78,2.66,0.7998,normal
7,103,21.45,98.84,1.8,0.7958,normal
7,104,22.51,98.81,1.38,0.7918,normal
7,105,22.17,98.73,1.58,0.7878,normal
7,106,21.98,98.7,1.88,0.7838,normal
7,107,22.01,98.46,2.04,0.7797,normal
7,108,22.97,98.77,1.86,0.7755,normal
7,109,22.29,98.49,1.93,0.7713,normal
7,110,22.27,99.08,2.98,0.7671,normal
7,111,21.57,98.2,2.85,0.7629,normal
7,112,22.84,98.37,3.02,0.7586,normal
7,113,22.65,98.32,2.57,0.7543,normal
7,114,22.19,98.75,2.98,0.7499,normal
7,115,22.23,98.56,2.99,0.7455,normal
7,116,22.78,98.77,2.71,0.741,normal
7,117,22.71,98.5,2.04,0.7365,normal
7,118,23.02,98.21,2.47,0.732,normal
7,119,23.07,98.57,3.24,0.7275,normal
7,120,22.41,98.65,2.99,0.7229,normal
7,121,23.39,98.44,2.77,0.7182,normal
7,122,22.66,97.95,2.67,0.7135,normal
7,123,23.23,98.61,2.77,0.7088,normal
7,124,22.89,98.36,3.77,0.7041,normal
7,125,22.78,98.1,3.78,0.6993,degraded
7,126,22.73,98.12,3.33,0.6945,degraded
7,127,23.08,98.62,2.13,0.6896,degraded
7,128,22.94,98.43,2.16,0.6847,degraded
7,129,23.41,98.14,3.05,0.6797,degraded
7,130,23.16,98.02,2.86,0.6747,degraded
7,131,23.53,98.1,3.14,0.6697,degraded
7,132,22.97,97.48,3.78,0.6647,degraded
7,133,23.76,97.37,3.92,0.6596,degraded
7,134,23.48,98.2,3.63,0.6544,degraded
7,135,23.13,98.2,2.99,0.6492,degraded
7,136,23.08,97.89,3.73,0.644,degraded
7,137,23.72,97.98,3.8,0.6388,degraded
7,138,23.63,97.68,2.62,0.6335,degraded
7,139,23.77,97.89,3.39,0.6282,degraded
7,140,23.4,97.53,3.17,0.6228,degraded
7,141,23.12,97.85,3.5,0.6174,degraded
7,142,24.19,97.48,3.38,0.6119,degraded
7,143,24.04,97.27,2.65,0.6064,degraded
7,144,24.26,97.82,4.24,0.6009,degraded
7,145,24.2,97.78,3.94,0.5954,degraded
7,146,23.84,97.87,4.39,0.5898,degraded
7,147,24.37,97.53,3.12,0.5841,degraded
7,148,24.42,96.93,3.55,0.5784,degraded
7,149,24.1,97.85,4.27,0.5727,degraded
7,150,24.84,97.03,4.67,0.567,degraded
7,151,24.18,98.39,4.4,0.5612,degraded
7,152,24.05,97.26,4.31,0.5553,degraded
7,153,24.37,97.23,4.2,0.5495,degraded
7,154,25.23,97.07,4.15,0.5436,degraded
7,155,24.97,96.76,3.83,0.5376,degraded
7,156,25.18,96.82,3.8,0.5316,degraded
7,157,24.56,96.79,4.04,0.5256,degraded
7,158,24.79,96.76,5.38,0.5196,degraded
7,159,24.48,97.01,4.21,0.5135,degraded
7,160,24.65,97.71,4.72,0.5073,degraded
7,161,24.44,96.88,4.4,0.5011,degraded
7,162,25.0,96.67,3.54,0.4949,degraded
7,163,24.95,96.94,4.27,0.4887,degraded
7,164,25.32,97.02,4.93,0.4824,degraded
7,165,25.85,96.7,3.68,0.476,degraded
7,166,25.1,96.34,5.03,0.4697,degraded
7,167,25.12,96.48,5.1,0.4633,degraded
7,168,25.86,97.05,3.63,0.4568,degraded
7,169,25.22,96.54,4.83,0.4503,degraded
7,170,26.34,96.91,5.12,0.4438,degraded
7,171,26.04,96.6,5.26,0.4372,degraded
7,172,25.49,96.48,5.35,0.4306,degraded
7,173,26.08,96.51,4.62,0.424,degraded
7,174,26.3,96.85,5.09,0.4173,degraded
7,175,25.33,96.76,5.12,0.4106,degraded
7,176,26.63,96.07,5.65,0.4038,degraded
7,177,25.77,96.52,5.16,0.3971,failure
7,178,26.56,96.04,4.98,0.3902,failure
7,179,26.68,96.0,4.23,0.3834,failure
7,180,27.0,97.07,5.92,0.3764,failure
7,181,26.07,96.65,5.76,0.3695,failure
7,182,26.68,96.18,4.94,0.3625,failure
7,183,26.11,95.74,5.64,0.3555,failure
7,184,26.96,95.67,5.1,0.3484,failure
7,185,26.55,96.23,5.55,0.3413,failure
7,186,27.2,96.42,5.57,0.3342,failure
7,187,26.45,95.73,6.31,0.327,failure
7,188,26.71,95.98,5.25,0.3198,failure
7,189,27.08,96.16,5.43,0.3125,failure
7,190,26.93,96.05,5.76,0.3052,failure
7,191,26.61,95.83,5.66,0.2979,failure
7,192,26.35,96.06,5.74,0.2905,failure
7,193,27.57,95.57,6.86,0.2831,failure
7,194,27.24,95.49,6.06,0.2757,failure
7,195,27.48,95.46,5.87,0.2682,failure
7,196,28.06,95.6,6.44,0.2607,failure
7,197,27.59,95.62,6.29,0.2531,failure
7,198,27.44,95.79,6.67,0.2455,failure
7,199,28.14,95.37,6.32,0.2379,failure
8,0,19.46,99.76,0.09,1.0,normal
8,1,20.27,100.54,-0.19,1.0,normal
8,2,20.01,99.51,1.64,0.9999,normal
8,3,20.66,100.31,0.17,0.9997,normal
8,4,20.28,100.3,0.53,0.9995,normal
8,5,19.45,100.01,0.4,0.9991,normal
8,6,20.31,99.8,-0.28,0.9988,normal
8,7,20.31,100.23,-0.32,0.9983,normal
8,8,19.85,100.07,0.95,0.9978,normal
8,9,19.6,100.04,0.14,0.9972,normal
8,10,19.87,100.35,0.13,0.9966,normal
8,11,20.02,99.81,-0.16,0.9959,normal
8,12,20.04,99.98,0.91,0.9951,normal
8,13,20.12,99.73,0.5,0.9942,normal
8,14,19.47,100.15,0.57,0.9933,normal
8,15,19.89,99.57,0.65,0.9923,normal
8,16,19.56,99.42,-0.16,0.9912,normal
8,17,19.96,99.87,0.4,0.9901,normal
8,18,20.41,100.28,0.97,0.9889,normal
8,19,19.85,99.41,0.54,0.9876,normal
8,20,20.24,99.93,0.27,0.9863,normal
8,21,19.98,100.25,0.51,0.9849,normal
8,22,20.25,99.72,0.76,0.9834,normal
8,23,20.53,99.85,1.06,0.9819,normal
8,24,19.93,99.86,0.42,0.9803,normal
8,25,20.75,99.73,0.09,0.9786,normal
8,26,20.08,99.57,0.82,0.9768,normal
8,27,20.19,99.67,0.31,0.975,normal
8,28,20.6,99.83,0.92,0.9731,normal
8,29,20.02,99.61,0.23,0.9712,normal
8,30,20.86,99.8,0.01,0.9692,normal
8,31,19.65,99.75,1.55,0.9671,normal
8,32,21.13,99.72,1.37,0.9649,normal
8,33,20.44,99.76,0.78,0.9627,normal
8,34,20.54,100.38,0.77,0.9604,normal
8,35,19.83,99.87,1.45,0.958,normal
8,36,20.5,99.1,1.52,0.9556,normal
8,37,20.79,99.4,1.02,0.9531,normal
8,38,20.2,99.45,0.47,0.9505,normal
8,39,19.61,99.4,1.51,0.9479,normal
8,40,20.66,99.07,1.57,0.9452,normal
8,41,20.52,99.5,1.01,0.9424,normal
8,42,20.0,99.5,1.13,0.9396,normal
8,43,20.39,99.33,0.6,0.9367,normal
8,44,19.79,99.45,0.76,0.9337,normal
8,45,20.99,99.43,-0.38,0.9306,normal
8,46,21.0,99.33,0.52,0.9275,normal
8,47,20.56,99.37,1.16,0.9243,normal
8,48,21.0,100.25,0.25,0.9211,normal
8,49,20.56,99.31,0.75,0.9178,normal
8,50,21.26,99.29,1.7,0.9144,normal
8,51,20.95,99.79,0.76,0.9109,normal
8,52,20.99,99.72,1.46,0.9074,normal
8,53,21.28,98.78,1.62,0.9038,normal
8,54,20.5,99.27,1.46,0.9001,normal
8,55,21.42,99.51,2.09,0.8964,normal
8,56,21.05,99.39,1.11,0.8926,normal
8,57,21.32,98.97,1.93,0.8887,normal
8,58,21.28,99.07,1.67,0.8848,normal
8,59,21.55,99.8,1.09,0.8808,normal
8,60,21.26,99.21,1.84,0.8767,normal
8,61,21.25,99.11,1.53,0.8725,normal
8,62,21.53,99.36,1.67,0.8683,normal
8,63,21.45,99.24,2.0,0.864,normal
8,64,21.63,98.87,1.49,0.8597,normal
8,65,21.24,99.68,1.88,0.8553,normal
8,66,20.67,98.13,1.94,0.8508,normal
8,67,21.8,99.19,2.2,0.8462,normal
8,68,21.69,98.89,2.34,0.8416,normal
8,69,21.58,99.39,1.18,0.8369,normal
8,70,21.81,99.06,1.94,0.8322,normal
8,71,21.85,99.06,1.29,0.8273,normal
8,72,22.05,99.34,1.72,0.8224,normal
8,73,21.88,99.36,1.67,0.8175,normal
8,74,21.75,99.06,1.41,0.8124,normal
8,75,21.91,99.51,1.61,0.8073,normal
8,76,21.68,99.04,2.57,0.8022,normal
8,77,21.56,98.66,1.89,0.7969,normal
8,78,22.0,98.82,1.68,0.7916,normal
8,79,22.23,98.87,2.2,0.7862,normal
8,80,22.41,98.69,2.27,0.7808,normal
8,81,22.1,98.9,2.38,0.7753,normal
8,82,21.81,98.41,1.97,0.7697,normal
8,83,22.19,99.27,2.48,0.764,normal
8,84,22.38,98.77,2.0,0.7583,normal
8,85,22.39,98.04,2.23,0.7525,normal
8,86,22.46,98.73,3.77,0.7467,normal
8,87,22.66,98.74,3.04,0.7407,normal
8,88,22.07,98.52,2.81,0.7347,normal
8,89,23.35,98.11,2.05,0.7287,normal
8,90,23.29,97.85,2.76,0.7225,normal
8,91,22.13,97.93,3.01,0.7163,normal
8,92,23.16,98.15,2.63,0.7101,normal
8,93,23.26,98.12,2.36,0.7037,normal
8,94,22.78,98.39,2.51,0.6973,degraded
8,95,23.31,98.19,2.77,0.6909,degraded
8,96,23.53,98.19,3.53,0.6843,degraded
8,97,23.25,98.11,3.67,0.6777,degraded
8,98,23.16,98.07,3.5,0.671,degraded
8,99,23.27,97.56,2.58,0.6643,degraded
8,100,24.44,97.68,3.63,0.6575,degraded
8,101,23.99,97.89,3.46,0.6506,degraded
8,102,23.75,98.3,3.14,0.6436,degraded
8,103,24.03,97.68,3.59,0.6366,degraded
8,104,24.37,97.51,4.08,0.6295,degraded
8,105,23.22,97.47,3.36,0.6224,degraded
8,106,24.01,97.51,4.08,0.6151,degraded
8,107,23.88,98.19,3.93,0.6078,degraded
8,108,23.97,97.63,3.23,0.6005,degraded
8,109,23.7,97.46,3.53,0.593,degraded
8,110,24.19,97.76,3.62,0.5855,degraded
8,111,23.94,97.94,3.41,0.578,degraded
8,112,24.29,98.12,4.92,0.5703,degraded
8,113,24.87,96.97,3.18,0.5626,degraded
8,114,24.45,97.72,4.66,0.5548,degraded
8,115,24.4,96.6,4.13,0.547,degraded
8,116,24.39,97.27,3.89,0.5391,degraded
8,117,24.18,97.56,4.16,0.5311,degraded
8,118,24.92,97.71,4.19,0.5231,degraded
8,119,25.47,97.24,4.43,0.5149,degraded
8,120,25.28,96.6,4.14,0.5068,degraded
8,121,23.82,96.56,5.12,0.4985,degraded
8,122,25.5,96.95,3.96,0.4902,degraded
8,123,25.08,96.8,4.4,0.4818,degraded
8,124,26.17,96.95,4.94,0.4733,degraded
8,125,24.99,97.0,5.31,0.4648,degraded
8,126,25.59,96.32,5.73,0.4562,degraded
8,127,26.17,96.85,5.26,0.4475,degraded
8,128,25.16,96.6,4.46,0.4388,degraded
8,129,25.34,96.81,5.92,0.43,degraded
8,130,25.26,96.53,5.31,0.4211,degraded
8,131,26.4,96.21,5.28,0.4122,degraded
8,132,25.75,96.39,4.81,0.4032,degraded
8,133,25.96,96.65,5.16,0.3941,failure
8,134,26.0,96.7,5.44,0.385,failure
8,135,26.15,96.45,5.54,0.3757,failure
8,136,25.88,96.1,5.55,0.3665,failure
8,137,26.68,96.43,6.22,0.3571,failure
8,138,26.09,96.24,6.17,0.3477,failure
8,139,26.11,96.33,5.89,0.3382,failure
8,140,26.9,96.21,6.24,0.3286,failure
8,141,26.45,95.71,5.7,0.319,failure
8,142,26.8,95.58,4.42,0.3093,failure
8,143,27.2,96.28,6.17,0.2996,failure
8,144,27.29,95.8,6.22,0.2897,failure
8,145,26.91,95.2,5.63,0.2798,failure
8,146,27.53,96.08,5.97,0.2699,failure
8,147,28.02,95.85,6.76,0.2598,failure
8,148,27.48,95.49,5.97,0.2497,failure
8,149,27.42,95.94,7.35,0.2395,failure
8,150,27.87,95.48,7.04,0.2293,failure
8,151,27.47,95.62,6.73,0.219,failure
8,152,27.04,95.4,5.83,0.2086,failure
8,153,28.58,95.23,6.62,0.1982,failure
8,154,28.22,94.93,8.2,0.1877,failure
8,155,28.52,95.11,7.02,0.1771,failure
8,156,27.35,95.27,6.88,0.1664,failure
8,157,28.38,95.13,7.58,0.1557,failure
8,158,27.98,94.62,6.35,0.1449,failure
8,159,28.44,94.79,6.7,0.134,failure
8,160,29.12,94.35,8.0,0.1231,failure
8,161,29.08,94.46,7.4,0.1121,failure
8,162,28.62,95.09,8.22,0.1011,failure
8,163,29.0,94.21,8.36,0.0899,failure
8,164,29.07,94.61,8.46,0.0787,failure
8,165,28.96,94.74,8.4,0.0675,failure
8,166,29.47,94.28,7.55,0.0561,failure
8,167,29.18,94.19,8.69,0.0447,failure
8,168,29.91,93.93,8.04,0.0332,failure
8,169,29.13,93.73,8.94,0.0217,failure
8,170,29.85,94.39,8.3,0.0101,failure
8,171,30.28,93.73,9.43,0,failure
8,172,29.63,94.82,8.71,0,failure
8,173,29.68,93.73,9.29,0,failure
8,174,29.79,94.01,8.54,0,failure
8,175,29.8,94.35,8.56,0,failure
8,176,29.49,94.38,8.37,0,failure
8,177,30.17,94.68,8.47,0,failure
8,178,29.91,93.57,9.11,0,failure
8,179,29.77,94.39,8.8,0,failure
8,180,29.73,94.15,8.19,0,failure
8,181,29.92,94.15,9.02,0,failure
8,182,30.09,93.93,9.21,0,failure
8,183,30.14,93.6,8.33,0,failure
8,184,29.43,94.15,8.55,0,failure
8,185,30.13,93.82,8.39,0,failure
8,186,30.29,94.07,8.44,0,failure
8,187,30.14,94.15,8.47,0,failure
8,188,30.49,93.62,8.45,0,failure
8,189,29.74,93.88,8.6,0,failure
8,190,30.42,94.06,8.71,0,failure
8,191,30.64,94.37,8.73,0,failure
8,192,29.91,93.86,7.63,0,failure
8,193,30.08,93.91,8.23,0,failure
8,194,30.56,94.38,9.07,0,failure
8,195,30.16,94.17,7.98,0,failure
8,196,30.22,93.44,8.39,0,failure
8,197,28.67,93.92,7.72,0,failure
8,198,30.05,94.31,8.14,0,failure
8,199,29.74,93.2,7.94,0,failure
9,0,19.23,99.63,0.37,1.0,normal
9,1,19.88,99.87,0.38,1.0,normal
9,2,20.13,100.52,1.08,0.9999,normal
9,3,20.3,100.24,0.9,0.9998,normal
9,4,20.48,100.14,0.67,0.9996,normal
9,5,19.47,100.11,0.09,0.9994,normal
9,6,20.03,99.89,0.81,0.9992,normal
9,7,20.09,100.04,-0.09,0.9989,normal
9,8,20.51,99.67,0.78,0.9986,normal
9,9,20.72,99.78,0.49,0.9982,normal
9,10,20.2,99.79,0.34,0.9978,normal
9,11,20.58,100.31,0.87,0.9973,normal
9,12,20.82,100.17,-0.08,0.9968,normal
9,13,20.28,99.99,-0.1,0.9962,normal
9,14,19.97,99.95,1.02,0.9956,normal
9,15,20.07,99.65,0.61,0.9949,normal
9,16,20.0,99.83,0.08,0.9942,normal
9,17,20.08,99.68,1.42,0.9935,normal
9,18,18.96,100.18,1.15,0.9927,normal
9,19,19.76,99.71,0.31,0.9919,normal
9,20,20.2,99.39,0.24,0.991,normal
9,21,19.32,99.91,0.52,0.9901,normal
9,22,19.71,99.74,0.93,0.9891,normal
9,23,20.01,99.75,-0.6,0.9881,normal
9,24,20.34,99.77,1.12,0.9871,normal
9,25,20.09,99.67,-0.28,0.986,normal
9,26,19.89,99.77,0.85,0.9848,normal
9,27,20.04,100.11,0.34,0.9836,normal
9,28,20.89,99.55,0.71,0.9824,normal
9,29,19.87,99.33,0.88,0.9811,normal
9,30,20.04,99.62,0.02,0.9798,normal
9,31,20.54,100.27,0.45,0.9784,normal
9,32,20.23,99.25,0.33,0.977,normal
9,33,20.44,99.57,0.35,0.9755,normal
9,34,19.67,99.43,-0.29,0.974,normal
9,35,19.93,99.14,1.01,0.9725,normal
9,36,20.66,99.69,0.76,0.9709,normal
9,37,20.18,99.8,0.86,0.9692,normal
9,38,20.02,99.77,0.45,0.9676,normal
9,39,20.12,99.8,-0.06,0.9658,normal
9,40,20.08,99.59,1.06,0.9641,normal
9,41,21.14,99.78,1.11,0.9622,normal
9,42,20.5,99.96,0.48,0.9604,normal
9,43,20.19,99.69,0.76,0.9585,normal
9,44,20.53,99.52,0.13,0.9565,normal
9,45,20.42,99.19,1.09,0.9545,normal
9,46,20.23,99.78,1.09,0.9525,normal
9,47,20.52,99.72,0.19,0.9504,normal
9,48,20.95,99.82,0.55,0.9482,normal
9,49,20.13,99.72,1.26,0.9461,normal
9,50,20.36,99.34,0.5,0.9438,normal
9,51,20.79,99.86,1.18,0.9416,normal
9,52,20.15,99.25,0.86,0.9392,normal
9,53,20.84,99.24,-0.24,0.9369,normal
9,54,20.3,99.42,1.07,0.9345,normal
9,55,21.02,99.55,0.57,0.932,normal
9,56,21.27,99.42,0.73,0.9295,normal
9,57,20.16,99.47,0.98,0.927,normal
9,58,21.06,99.0,0.82,0.9244,normal
9,59,21.5,99.29,1.23,0.9218,normal
9,60,21.06,98.89,0.9,0.9191,normal
9,61,20.81,99.67,1.63,0.9164,normal
9,62,21.33,99.06,1.63,0.9136,normal
9,63,20.5,99.44,1.45,0.9108,normal
9,64,21.2,99.55,2.35,0.908,normal
9,65,19.77,98.68,1.06,0.9051,normal
9,66,20.95,99.44,1.2,0.9021,normal
9,67,21.1,99.58,0.94,0.8991,normal
9,68,21.16,99.5,0.6,0.8961,normal
9,69,21.66,99.54,1.32,0.893,normal
9,70,21.46,99.34,1.35,0.8899,normal
9,71,21.02,99.41,2.11,0.8867,normal
9,72,20.71,99.43,1.43,0.8835,normal
9,73,21.57,98.92,1.69,0.8803,normal
9,74,21.73,98.95,0.97,0.877,normal
9,75,21.21,99.24,1.44,0.8736,normal
9,76,20.03,99.38,0.77,0.8702,normal
9,77,21.63,98.97,1.85,0.8668,normal
9,78,21.42,99.26,1.6,0.8633,normal
9,79,21.56,99.24,1.53,0.8598,normal
9,80,21.71,98.99,1.45,0.8562,normal
9,81,21.77,99.07,1.38,0.8526,normal
9,82,21.76,99.11,1.57,0.8489,normal
9,83,22.01,98.64,2.21,0.8452,normal
9,84,21.32,98.88,2.53,0.8415,normal
9,85,20.98,99.33,1.58,0.8377,normal
9,86,22.25,99.33,1.1,0.8338,normal
9,87,21.57,99.09,1.59,0.8299,normal
9,88,21.74,99.07,2.83,0.826,normal
9,89,20.87,98.81,2.14,0.822,normal
9,90,21.05,98.8,2.06,0.818,normal
9,91,22.37,98.8,2.44,0.8139,normal
9,92,22.13,99.02,1.97,0.8098,normal
9,93,21.44,98.82,2.02,0.8057,normal
9,94,22.23,98.4,1.83,0.8015,normal
9,95,22.31,98.23,1.83,0.7972,normal
9,96,22.34,98.84,1.14,0.7929,normal
9,97,22.26,98.73,2.92,0.7886,normal
9,98,22.22,98.66,1.95,0.7842,normal
9,99,21.33,98.49,2.59,0.7798,normal
9,100,22.27,98.91,2.5,0.7753,normal
9,101,22.26,98.18,2.36,0.7708,normal
9,102,22.84,98.9,2.22,0.7663,normal
9,103,23.03,98.74,2.1,0.7616,normal
9,104,22.29,98.93,2.49,0.757,normal
9,105,22.68,98.82,1.99,0.7523,normal
9,106,22.26,98.11,2.97,0.7476,normal
9,107,22.32,98.58,2.64,0.7428,normal
9,108,22.96,97.83,2.77,0.7379,normal
9,109,22.12,98.68,2.68,0.7331,normal
9,110,22.67,98.11,2.09,0.7281,normal
9,111,23.26,98.63,2.51,0.7232,normal
9,112,22.89,98.43,2.75,0.7182,normal
9,113,22.63,98.87,2.49,0.7131,normal
9,114,22.62,98.78,2.82,0.708,normal
9,115,22.98,98.13,3.2,0.7029,normal
9,116,22.76,98.32,3.6,0.6977,degraded
9,117,23.12,98.65,3.55,0.6924,degraded
9,118,23.76,97.85,4.38,0.6872,degraded
9,119,24.07,97.89,3.74,0.6818,degraded
9,120,23.5,98.56,3.29,0.6765,degraded
9,121,23.02,98.26,3.56,0.6711,degraded
9,122,23.06,97.84,3.29,0.6656,degraded
9,123,23.28,98.13,2.78,0.6601,degraded
9,124,23.44,98.11,3.36,0.6545,degraded
9,125,23.11,97.35,3.73,0.649,degraded
9,126,23.24,97.74,3.4,0.6433,degraded
9,127,23.59,97.9,3.22,0.6376,degraded
9,128,23.43,97.82,3.61,0.6319,degraded
9,129,23.47,98.0,3.95,0.6261,degraded
9,130,23.35,97.83,3.28,0.6203,degraded
9,131,23.71,97.58,2.95,0.6144,degraded
9,132,23.69,98.26,3.38,0.6085,degraded
9,133,24.04,97.61,3.65,0.6026,degraded
9,134,23.83,97.19,3.35,0.5966,degraded
9,135,24.56,97.23,4.07,0.5905,degraded
9,136,24.31,97.29,4.09,0.5844,degraded
9,137,24.68,97.51,4.16,0.5783,degraded
9,138,23.68,97.42,3.41,0.5721,degraded
9,139,24.35,97.47,4.48,0.5659,degraded
9,140,24.51,97.49,4.13,0.5596,degraded
9,141,24.46,97.43,4.07,0.5533,degraded
9,142,24.79,97.86,3.98,0.547,degraded
9,143,24.84,97.06,5.15,0.5406,degraded
9,144,24.65,96.66,4.84,0.5341,degraded
9,145,25.19,97.21,4.65,0.5276,degraded
9,146,24.9,97.27,3.89,0.5211,degraded
9,147,24.35,96.4,4.21,0.5145,degraded
9,148,25.28,97.53,4.72,0.5079,degraded
9,149,25.05,96.55,4.68,0.5012,degraded
9,150,24.67,96.82,4.78,0.4945,degraded
9,151,25.16,96.84,4.72,0.4877,degraded
9,152,24.66,96.68,5.18,0.4809,degraded
9,153,25.51,97.46,4.41,0.4741,degraded
9,154,25.81,96.95,4.99,0.4672,degraded
9,155,25.68,96.63,4.54,0.4602,degraded
9,156,26.02,96.74,5.55,0.4532,degraded
9,157,25.98,96.44,4.83,0.4462,degraded
9,158,25.66,96.89,5.47,0.4391,degraded
9,159,25.76,96.44,4.48,0.432,degraded
9,160,25.34,96.59,5.71,0.4248,degraded
9,161,25.99,96.8,5.29,0.4176,degraded
9,162,25.58,96.94,4.5,0.4104,degraded
9,163,26.16,96.42,6.0,0.4031,degraded
9,164,26.32,96.46,4.61,0.3957,failure
9,165,25.89,96.67,5.13,0.3883,failure
9,166,26.17,95.81,5.33,0.3809,failure
9,167,26.56,95.96,4.48,0.3734,failure
9,168,26.64,96.59,5.25,0.3659,failure
9,169,26.14,95.83,6.95,0.3583,failure
9,170,26.46,96.27,4.78,0.3507,failure
9,171,26.19,96.07,6.34,0.343,failure
9,172,25.91,95.63,6.53,0.3353,failure
9,173,26.25,95.85,5.63,0.3276,failure
9,174,26.63,95.69,6.18,0.3198,failure
9,175,26.79,96.26,5.75,0.3119,failure
9,176,26.7,95.42,5.52,0.3041,failure
9,177,27.2,96.11,5.25,0.2961,failure
9,178,26.79,95.58,5.79,0.2881,failure
9,179,26.9,95.86,6.13,0.2801,failure
9,180,26.82,95.52,5.56,0.2721,failure
9,181,27.54,95.28,7.23,0.264,failure
9,182,27.53,95.77,6.22,0.2558,failure
9,183,27.57,95.42,7.34,0.2476,failure
9,184,27.61,95.63,7.09,0.2394,failure
9,185,28.48,95.81,6.76,0.2311,failure
9,186,27.55,95.37,6.92,0.2227,failure
9,187,27.77,95.28,6.38,0.2143,failure
9,188,26.87,95.41,7.82,0.2059,failure
9,189,28.21,95.21,7.46,0.1974,failure
9,190,29.01,95.43,5.67,0.1889,failure
9,191,27.23,94.61,6.31,0.1804,failure
9,192,27.69,95.03,6.94,0.1718,failure
9,193,28.35,95.18,7.38,0.1631,failure
9,194,28.63,94.73,5.93,0.1544,failure
9,195,28.72,95.3,7.61,0.1457,failure
9,196,28.53,94.93,6.84,0.1369,failure
9,197,28.08,94.3,7.6,0.1281,failure
9,198,28.72,94.4,6.94,0.1192,failure
9,199,28.34,94.89,8.79,0.1103,failure
